case,frame,cpu_ms,gpu_ms,presented_s,start_s,target_s
0,32,1.3149,2.9684,2300368.660033209,2300368.718436209,2300368.735033250
0,33,1.1834,2.6366,2300368.676698084,2300368.735094626,2300368.751699917
0,34,1.3187,2.9009,2300368.693364709,2300368.751759209,2300368.768366584
0,35,1.1302,3.0641,2300368.710035042,2300368.768411626,2300368.785033251
0,36,1.3082,2.9445,2300368.726698042,2300368.785102792,2300368.801699917
0,37,1.3375,3.3911,2300368.743364376,2300368.801763584,2300368.818366584
0,38,1.2998,3.8715,2300368.760030959,2300368.818424334,2300368.835033251
0,39,1.1195,3.0951,2300368.776697501,2300368.835085917,2300368.851699917
0,40,1.2635,3.8437,2300368.793364125,2300368.851757292,2300368.868366584
0,41,1.1758,3.5734,2300368.810030626,2300368.868417334,2300368.885033250
0,42,1.2762,3.2524,2300368.826697250,2300368.885082542,2300368.901699917
0,43,1.2814,3.5368,2300368.843363876,2300368.901766584,2300368.918366584
0,44,1.2807,3.8900,2300368.860030417,2300368.918425042,2300368.935033251
0,45,1.1496,2.9380,2300368.876700167,2300368.935069709,2300368.951699917
0,46,1.3293,4.0552,2300368.893363625,2300368.951742084,2300368.968366584
0,47,1.0647,3.7384,2300368.910030126,2300368.968444917,2300368.985033250
0,48,1.3200,5.6426,2300368.926696792,2300368.985086751,2300369.001699917
0,49,1.3134,5.2813,2300368.943364667,2300369.001757584,2300369.018366584
0,50,1.3528,5.5208,2300368.960029959,2300369.018420542,2300369.035033251
0,51,1.2351,3.9705,2300368.976696501,2300369.035083501,2300369.051699917
0,52,1.3169,5.8815,2300368.993367084,2300369.051764584,2300369.068366584
0,53,1.2092,2.1575,2300369.010033792,2300369.068417709,2300369.085033251
0,54,1.3190,4.9545,2300369.026696292,2300369.085091667,2300369.101699917
0,55,1.3033,4.9837,2300369.043366334,2300369.101740917,2300369.118366584
0,56,1.2750,4.6921,2300369.060032376,2300369.118416459,2300369.135033250
0,57,1.1983,3.6113,2300369.076698042,2300369.135099126,2300369.151699917
0,58,1.2847,4.5555,2300369.093364709,2300369.151760292,2300369.168366584
0,59,1.2352,3.5369,2300369.110029167,2300369.168424084,2300369.185033251
0,60,1.2565,4.1240,2300369.126695750,2300369.185087292,2300369.201699917
0,61,1.3312,3.5129,2300369.143365167,2300369.201754251,2300369.218366584
0,62,1.3235,4.2489,2300369.160034167,2300369.218422959,2300369.235033250
0,63,1.2792,3.4712,2300369.176695459,2300369.235097875,2300369.251699917
0,64,1.2242,3.4957,2300369.193362084,2300369.251756459,2300369.268366584
0,65,1.2970,3.4740,2300369.210031000,2300369.268430251,2300369.285033251
0,66,1.1886,3.3445,2300369.226697792,2300369.285081751,2300369.301699917
0,67,1.2745,3.5130,2300369.243364334,2300369.301746709,2300369.318366584
0,68,1.2913,3.5166,2300369.260028375,2300369.318413251,2300369.335033251
0,69,1.3763,3.0000,2300369.276696750,2300369.335082417,2300369.351699917
0,70,1.2250,3.0273,2300369.293363001,2300369.351763417,2300369.368366584
0,71,1.1218,3.2285,2300369.310028084,2300369.368430126,2300369.385033250
0,72,1.2497,2.9828,2300369.326694709,2300369.385079959,2300369.401699917
0,73,1.3223,3.4043,2300369.343361292,2300369.401749959,2300369.418366584
0,74,1.3062,3.5140,2300369.360030625,2300369.418414834,2300369.435033251
0,75,1.2679,3.6663,2300369.376696167,2300369.435085542,2300369.451699917
0,76,1.2289,3.6770,2300369.393362626,2300369.451748209,2300369.468366584
0,77,1.2634,2.5514,2300369.410027542,2300369.468417417,2300369.485033250
0,78,1.2113,4.1451,2300369.426694251,2300369.485069750,2300369.501699917
0,79,1.2887,4.2719,2300369.443362292,2300369.501754000,2300369.518366584
0,80,1.2930,4.2217,2300369.460029584,2300369.518421084,2300369.535033251
0,81,1.2865,4.1654,2300369.476693917,2300369.535086834,2300369.551699917
0,82,1.2357,4.0740,2300369.493360542,2300369.551735250,2300369.568366584
0,83,1.3810,4.4894,2300369.510029459,2300369.568422126,2300369.585033251
0,84,1.2805,4.7686,2300369.526695375,2300369.585090584,2300369.601699917
0,85,1.3692,5.2970,2300369.543364959,2300369.601755251,2300369.618366584
0,86,1.4292,6.3093,2300369.560027917,2300369.618424500,2300369.635033250
0,87,1.3688,4.8830,2300369.576693376,2300369.635089001,2300369.651699917
0,88,1.3314,4.7569,2300369.593361542,2300369.651764500,2300369.668366584
0,89,1.3972,5.2291,2300369.610029626,2300369.668424834,2300369.685033251
0,90,1.3385,4.5920,2300369.626694167,2300369.685084876,2300369.701699917
0,91,1.4684,6.2952,2300369.643362042,2300369.701751001,2300369.718366584
0,92,1.4727,5.3694,2300369.660030167,2300369.718422542,2300369.735033250
0,93,1.3870,5.1805,2300369.676694001,2300369.735086209,2300369.751699917
0,94,1.3843,4.0683,2300369.693362292,2300369.751758875,2300369.768366584
0,95,1.1913,5.6696,2300369.710026209,2300369.768438542,2300369.785033251
0,96,1.4649,3.9534,2300369.726692584,2300369.785082334,2300369.801699917
0,97,1.3947,5.6038,2300369.743359209,2300369.801742125,2300369.818366584
0,98,1.3963,5.1885,2300369.760027876,2300369.818421251,2300369.835033251
0,99,1.3620,4.7666,2300369.776692917,2300369.835086709,2300369.851699917
0,100,1.3837,3.3335,2300369.793359001,2300369.851748959,2300369.868366584
0,101,1.3793,3.1934,2300369.810029042,2300369.868401126,2300369.885033250
0,102,1.3416,3.5155,2300369.826694375,2300369.885081917,2300369.901699917
0,103,1.3657,4.5383,2300369.843361625,2300369.901748417,2300369.918366584
0,104,1.3580,4.2121,2300369.860025250,2300369.918411459,2300369.935033251
0,105,1.4012,3.8984,2300369.876694792,2300369.935073209,2300369.951699917
0,106,1.3535,2.9629,2300369.893360542,2300369.951740792,2300369.968366584
0,107,1.3730,4.2104,2300369.910025375,2300369.968416626,2300369.985033250
0,108,1.3563,2.9107,2300369.926694084,2300369.985089750,2300370.001699917
0,109,1.3799,4.0510,2300369.943358167,2300370.001743792,2300370.018366584
0,110,1.4586,3.7708,2300369.960026459,2300370.018416251,2300370.035033251
0,111,1.3386,4.1187,2300369.976692625,2300370.035084626,2300370.051699917
0,112,1.3198,2.8975,2300369.993360750,2300370.051744917,2300370.068366584
0,113,1.2579,4.1709,2300370.010026834,2300370.068410292,2300370.085033251
0,114,1.3078,3.3262,2300370.026691000,2300370.085085292,2300370.101699917
0,115,1.2929,3.5257,2300370.043359959,2300370.101745334,2300370.118366584
0,116,1.3506,4.7447,2300370.060027667,2300370.118425501,2300370.135033250
0,117,1.3495,5.0964,2300370.076692209,2300370.135080000,2300370.151699917
0,118,1.3495,4.6873,2300370.093358042,2300370.151751084,2300370.168366584
0,119,1.1224,5.6731,2300370.110023959,2300370.168406376,2300370.185033251
0,120,1.3012,6.1927,2300370.126691625,2300370.185083501,2300370.201699917
0,121,1.2745,8.5510,2300370.143359209,2300370.201742167,2300370.218366584
0,122,1.3709,6.5928,2300370.160023667,2300370.218425542,2300370.235033250
0,123,1.3220,4.7660,2300370.176691084,2300370.235074792,2300370.251699917
0,124,1.7686,4.1209,2300370.193356875,2300370.251922001,2300370.268366584
0,125,1.4340,2.2444,2300370.210026417,2300370.268423126,2300370.285033251
0,126,1.3154,3.7177,2300370.226690000,2300370.285091792,2300370.301699917
0,127,1.3333,3.2607,2300370.243356584,2300370.301752876,2300370.318366584
0,128,1.3620,3.0520,2300370.260023167,2300370.318424250,2300370.335033251
0,129,1.4121,3.1999,2300370.276690626,2300370.335087250,2300370.351699917
0,130,1.4132,3.2948,2300370.293358459,2300370.351758292,2300370.368366584
0,131,1.3835,2.9434,2300370.310025292,2300370.368414334,2300370.385033250
0,132,1.4034,2.9085,2300370.326690459,2300370.385091042,2300370.401699917
0,133,1.4491,2.8706,2300370.343356084,2300370.401738084,2300370.418366584
0,134,1.4951,3.0723,2300370.360023667,2300370.418428084,2300370.435033251
0,135,1.4272,3.0550,2300370.376691167,2300370.435105542,2300370.451699917
0,136,1.3600,3.0752,2300370.393358917,2300370.451758625,2300370.468366584
0,137,1.3212,2.7775,2300370.410023959,2300370.468417584,2300370.485033250
0,138,1.4110,3.0821,2300370.426688917,2300370.485082042,2300370.501699917
0,139,1.8798,2.8134,2300370.443356334,2300370.501757084,2300370.518366584
0,140,1.4715,2.9117,2300370.460024001,2300370.518437084,2300370.535033251
0,141,1.3951,3.0139,2300370.476691917,2300370.535080792,2300370.551699917
0,142,1.3720,3.4403,2300370.493355250,2300370.551755792,2300370.568366584
0,143,1.2057,3.2569,2300370.510021876,2300370.568403334,2300370.585033251
0,144,1.4164,3.5795,2300370.526689834,2300370.585089042,2300370.601699917
0,145,1.4681,4.2502,2300370.543355959,2300370.601757376,2300370.618366584
0,146,1.4604,4.7654,2300370.560023209,2300370.618430584,2300370.635033250
0,147,1.2708,4.8086,2300370.576688167,2300370.635072626,2300370.651699917
0,148,1.3870,6.2565,2300370.593355251,2300370.651767209,2300370.668366584
0,149,1.3708,3.4090,2300370.610021292,2300370.668414334,2300370.685033251
0,150,1.3991,6.1328,2300370.626687917,2300370.685087125,2300370.701699917
0,151,1.4200,5.1378,2300370.643354501,2300370.701770709,2300370.718366584
0,152,1.3373,5.0847,2300370.660022209,2300370.718420000,2300370.735033250
0,153,1.3250,3.9425,2300370.676687917,2300370.735093000,2300370.751699917
0,154,1.3743,5.1782,2300370.693355209,2300370.751754834,2300370.768366584
0,155,1.3760,3.4383,2300370.710022125,2300370.768428417,2300370.785033251
0,156,1.3923,4.9255,2300370.726687417,2300370.785084084,2300370.801699917
0,157,1.4514,4.8596,2300370.743355417,2300370.801756375,2300370.818366584
0,158,1.4142,4.6903,2300370.760022167,2300370.818423209,2300370.835033251
0,159,1.3371,3.0001,2300370.776689584,2300370.835081709,2300370.851699917
0,160,1.3810,3.7428,2300370.793357125,2300370.851749251,2300370.868366584
0,161,1.3665,2.8366,2300370.810022917,2300370.868416417,2300370.885033250
0,162,1.9700,3.7795,2300370.826688209,2300370.885085459,2300370.901699917
0,163,1.7795,4.0416,2300370.843354959,2300370.901758292,2300370.918366584
0,164,1.4336,4.0704,2300370.860021167,2300370.918418042,2300370.935033251
0,165,1.3783,3.1881,2300370.876686626,2300370.935086042,2300370.951699917
0,166,1.3555,3.2304,2300370.893355209,2300370.951752917,2300370.968366584
0,167,1.1520,3.2931,2300370.910022334,2300370.968410876,2300370.985033250
0,168,1.4198,3.7890,2300370.926688375,2300370.985081834,2300371.001699917
0,169,1.3729,4.5634,2300370.943354751,2300371.001754292,2300371.018366584
0,170,1.4132,4.1442,2300370.960021709,2300371.018446042,2300371.035033251
0,171,1.3087,3.9312,2300370.976687834,2300371.035094042,2300371.051699917
0,172,1.3027,4.7384,2300370.993353751,2300371.051752917,2300371.068366584
0,173,1.3275,3.4762,2300371.010023125,2300371.068431250,2300371.085033251
0,174,1.2925,5.3511,2300371.026688834,2300371.085084334,2300371.101699917
0,175,1.2519,6.4345,2300371.043355001,2300371.101754667,2300371.118366584
0,176,1.2737,5.7533,2300371.060020084,2300371.118422792,2300371.135033250
0,177,1.2872,4.9029,2300371.076687500,2300371.135095042,2300371.151699917
0,178,1.2373,5.0529,2300371.093353751,2300371.151743792,2300371.168366584
0,179,1.3675,4.8205,2300371.110021042,2300371.168421917,2300371.185033251
0,180,1.2362,4.9619,2300371.126687459,2300371.185078542,2300371.201699917
0,181,1.2996,5.1142,2300371.143354334,2300371.201762042,2300371.218366584
0,182,1.2990,5.0226,2300371.160018500,2300371.218428042,2300371.235033250
0,183,1.3078,4.8674,2300371.176687959,2300371.235090417,2300371.251699917
0,184,1.1895,4.5844,2300371.193353251,2300371.251743917,2300371.268366584
0,185,1.3548,3.9001,2300371.210020667,2300371.268414792,2300371.285033251
0,186,1.2687,3.8142,2300371.226686542,2300371.285083334,2300371.301699917
0,187,1.3361,3.9315,2300371.243353292,2300371.301758209,2300371.318366584
0,188,1.3387,3.7021,2300371.260020542,2300371.318423626,2300371.335033251
0,189,1.3361,3.6478,2300371.276686084,2300371.335101875,2300371.351699917
0,190,1.3657,3.5560,2300371.293353292,2300371.351765626,2300371.368366584
0,191,1.2321,3.7210,2300371.310020917,2300371.368434459,2300371.385033250
0,192,1.3463,3.8388,2300371.326685584,2300371.385078500,2300371.401699917
0,193,1.4542,3.9370,2300371.343350834,2300371.401758626,2300371.418366584
0,194,1.4783,4.1191,2300371.360019750,2300371.418438125,2300371.435033251
0,195,1.3873,4.1954,2300371.376684001,2300371.435106000,2300371.451699917
0,196,1.3505,4.8058,2300371.393350584,2300371.451763292,2300371.468366584
0,197,1.3975,4.4594,2300371.410019709,2300371.468423751,2300371.485033250
0,198,1.3905,5.0959,2300371.426685667,2300371.485090375,2300371.501699917
0,199,1.4413,7.1336,2300371.443350792,2300371.501757542,2300371.518366584
0,200,1.4058,5.2269,2300371.460018709,2300371.518427584,2300371.535033251
0,201,1.3334,5.0036,2300371.476683501,2300371.535077375,2300371.551699917
0,202,1.2368,3.9935,2300371.493350084,2300371.551749042,2300371.568366584
0,203,1.3572,4.6624,2300371.510017834,2300371.568436917,2300371.585033251
0,204,1.2342,3.9303,2300371.526685292,2300371.585092709,2300371.601699917
0,205,1.2412,5.0308,2300371.543351500,2300371.601761459,2300371.618366584
0,206,1.3174,5.6451,2300371.560021751,2300371.618430667,2300371.635033250
0,207,1.2986,5.3001,2300371.576682917,2300371.635093417,2300371.651699917
0,208,1.2029,3.7442,2300371.593349542,2300371.651757542,2300371.668366584
0,209,1.3565,5.3835,2300371.610018084,2300371.668435709,2300371.685033251
0,210,1.3022,4.2646,2300371.626682709,2300371.685089584,2300371.701699917
0,211,1.4112,6.0426,2300371.643349292,2300371.701747376,2300371.718366584
0,212,1.3919,4.9530,2300371.660019084,2300371.718419417,2300371.735033250
0,213,1.4071,4.6931,2300371.676684417,2300371.735089459,2300371.751699917
0,214,1.3015,3.3167,2300371.693349001,2300371.751761292,2300371.768366584
0,215,1.2804,4.7576,2300371.710015542,2300371.768418542,2300371.785033251
0,216,1.3951,3.0508,2300371.726682209,2300371.785081251,2300371.801699917
0,217,1.4940,4.1402,2300371.743348792,2300371.801748625,2300371.818366584
0,218,1.4527,4.3878,2300371.760015292,2300371.818433250,2300371.835033251
0,219,1.5605,4.4092,2300371.776682876,2300371.835098500,2300371.851699917
0,220,1.3568,3.2366,2300371.793348501,2300371.851764542,2300371.868366584
0,221,1.4589,2.7104,2300371.810016084,2300371.868418626,2300371.885033250
0,222,1.4769,3.1578,2300371.826683500,2300371.885096709,2300371.901699917
0,223,1.4761,3.2483,2300371.843350292,2300371.901755542,2300371.918366584
0,224,1.5328,3.5639,2300371.860017667,2300371.918428167,2300371.935033251
0,225,1.4595,4.3143,2300371.876683501,2300371.935091667,2300371.951699917
0,226,1.4798,3.3603,2300371.893347959,2300371.951767209,2300371.968366584
0,227,1.4258,3.5520,2300371.910016334,2300371.968418959,2300371.985033250
0,228,1.4645,3.6473,2300371.926682209,2300371.985100750,2300372.001699917
0,229,1.4622,4.0420,2300371.943349792,2300372.001756459,2300372.018366584
0,230,1.5369,4.3673,2300371.960014251,2300372.018433917,2300372.035033251
0,231,1.4925,5.2160,2300371.976682709,2300372.035097542,2300372.051699917
0,232,1.4149,5.0886,2300371.993347417,2300372.051770167,2300372.068366584
0,233,1.4690,7.0256,2300372.010016042,2300372.068408876,2300372.085033251
0,234,1.5131,4.4907,2300372.026680542,2300372.085101584,2300372.101699917
0,235,1.4387,5.0430,2300372.043350667,2300372.101754126,2300372.118366584
0,236,1.6083,5.0849,2300372.060013751,2300372.118439084,2300372.135033250
0,237,1.4778,4.7836,2300372.076680334,2300372.135107417,2300372.151699917
0,238,1.4625,4.8326,2300372.093347834,2300372.151768417,2300372.168366584
0,239,1.2328,4.8057,2300372.110016834,2300372.168419750,2300372.185033251
0,240,1.5405,5.0046,2300372.126681584,2300372.185104084,2300372.201699917
0,241,1.4137,4.9572,2300372.143350209,2300372.201758084,2300372.218366584
0,242,1.4007,5.1293,2300372.160014334,2300372.218434501,2300372.235033250
0,243,1.5102,4.8093,2300372.176680959,2300372.235083334,2300372.251699917
0,244,1.8857,4.6300,2300372.193349834,2300372.251757417,2300372.268366584
0,245,1.5231,3.1727,2300372.210014709,2300372.268433250,2300372.285033251
0,246,1.4427,4.3550,2300372.226681292,2300372.285093375,2300372.301699917
0,247,1.3557,4.0341,2300372.243346084,2300372.301753751,2300372.318366584
0,248,1.4450,3.9690,2300372.260015334,2300372.318430084,2300372.335033251
0,249,1.4727,3.8616,2300372.276679626,2300372.335117542,2300372.351699917
0,250,1.4498,3.8465,2300372.293346250,2300372.351770292,2300372.368366584
0,251,1.3853,3.8147,2300372.310014750,2300372.368415542,2300372.385033250
0,252,1.4759,3.8248,2300372.326681001,2300372.385080959,2300372.401699917
0,253,1.4438,3.9020,2300372.343346167,2300372.401762167,2300372.418366584
0,254,1.4711,3.7639,2300372.360015417,2300372.418440001,2300372.435033251
0,255,1.3324,4.4510,2300372.376680125,2300372.435093375,2300372.451699917
0,256,1.7205,5.6205,2300372.393345376,2300372.451750792,2300372.468366584
0,257,1.4662,4.5408,2300372.410011917,2300372.468427917,2300372.485033250
0,258,1.4483,5.3484,2300372.426678501,2300372.485094709,2300372.501699917
0,259,1.4740,5.9581,2300372.443348000,2300372.501765334,2300372.518366584
0,260,1.4808,5.3040,2300372.460014042,2300372.518435667,2300372.535033251
0,261,1.4090,4.2331,2300372.476678292,2300372.535093959,2300372.551699917
0,262,1.4625,5.3829,2300372.493344792,2300372.551764292,2300372.568366584
0,263,1.2078,4.0384,2300372.510013584,2300372.568427959,2300372.585033251
0,264,1.4407,5.8038,2300372.526679959,2300372.585087751,2300372.601699917
0,265,1.4402,5.2430,2300372.543347375,2300372.601753417,2300372.618366584
0,266,1.4257,5.0497,2300372.560013334,2300372.618424042,2300372.635033250
0,267,1.3764,3.4554,2300372.576677667,2300372.635086959,2300372.651699917
0,268,1.4210,4.9235,2300372.593345542,2300372.651767625,2300372.668366584
0,269,1.3567,2.2956,2300372.610012709,2300372.668413500,2300372.685033251
0,270,1.4345,4.6274,2300372.626679584,2300372.685079751,2300372.701699917
0,271,1.5012,4.7290,2300372.643346667,2300372.701755376,2300372.718366584
0,272,1.4606,4.8045,2300372.660013709,2300372.718411709,2300372.735033250
0,273,1.4038,3.1245,2300372.676679959,2300372.735084584,2300372.751699917
0,274,1.4227,4.4657,2300372.693347792,2300372.751748792,2300372.768366584
0,275,1.3726,3.1567,2300372.710013376,2300372.768425459,2300372.785033251
0,276,1.5000,4.5345,2300372.726678750,2300372.785081501,2300372.801699917
0,277,1.8348,5.2455,2300372.743343500,2300372.801761334,2300372.818366584
0,278,1.5226,4.6692,2300372.760013876,2300372.818431209,2300372.835033251
0,279,1.4357,3.5692,2300372.776678667,2300372.835102626,2300372.851699917
0,280,1.4174,4.9926,2300372.793345459,2300372.851755750,2300372.868366584
0,281,1.5368,3.9372,2300372.810012542,2300372.868432876,2300372.885033250
0,282,1.4187,5.0881,2300372.826677834,2300372.885095709,2300372.901699917
0,283,1.5061,5.8217,2300372.843344584,2300372.901755625,2300372.918366584
0,284,1.4775,5.4360,2300372.860012709,2300372.918436042,2300372.935033251
0,285,1.4411,4.8010,2300372.876678376,2300372.935102625,2300372.951699917
0,286,1.3697,6.0645,2300372.893345376,2300372.951759500,2300372.968366584
0,287,1.2393,5.5659,2300372.910011792,2300372.968436459,2300372.985033250
0,288,1.4496,6.8089,2300372.926677542,2300372.985091834,2300373.001699917
0,289,1.4441,5.3617,2300372.943344584,2300373.001768875,2300373.018366584
0,290,1.5514,4.8792,2300372.960012542,2300373.018431501,2300373.035033251
0,291,1.3983,4.4162,2300372.976679542,2300373.035102542,2300373.051699917
0,292,1.4469,4.3284,2300372.993343792,2300373.051750667,2300373.068366584
0,293,1.4930,3.2518,2300373.010010792,2300373.068428084,2300373.085033251
0,294,1.4616,4.2452,2300373.026676542,2300373.085083792,2300373.101699917
0,295,1.5202,4.2068,2300373.043343667,2300373.101775834,2300373.118366584
0,296,1.4433,4.1774,2300373.060008542,2300373.118439625,2300373.135033250
0,297,1.4500,4.1468,2300373.076680751,2300373.135115959,2300373.151699917
0,298,1.4394,3.9367,2300373.093343292,2300373.151749875,2300373.168366584
0,299,1.5651,3.7793,2300373.110010959,2300373.168435000,2300373.185033251
0,300,1.3760,4.1834,2300373.126677250,2300373.185090500,2300373.201699917
0,301,1.4414,4.4118,2300373.143344542,2300373.201755084,2300373.218366584
0,302,1.5020,5.3643,2300373.160007917,2300373.218419375,2300373.235033250
0,303,1.5576,5.3084,2300373.176674792,2300373.235083709,2300373.251699917
0,304,1.5699,4.6726,2300373.193341126,2300373.251786667,2300373.268366584
0,305,1.4996,6.2065,2300373.210007750,2300373.268435292,2300373.285033251
0,306,1.2981,4.2740,2300373.226674334,2300373.285106375,2300373.301699917
0,307,1.3821,4.1738,2300373.243340834,2300373.301764001,2300373.318366584
0,308,1.4931,4.1347,2300373.260010459,2300373.318448125,2300373.335033251
0,309,1.4070,5.6078,2300373.276674001,2300373.335103167,2300373.351699917
0,310,1.3446,4.6661,2300373.293343167,2300373.351761626,2300373.368366584
0,311,1.2567,3.0087,2300373.310007167,2300373.368430667,2300373.385033250
0,312,1.3275,2.9977,2300373.326675417,2300373.385082126,2300373.401699917
0,313,1.4724,3.0895,2300373.343344709,2300373.401784209,2300373.418366584
0,314,1.4721,3.1990,2300373.360009542,2300373.418434001,2300373.435033251
0,315,1.4080,3.2593,2300373.376676209,2300373.435091209,2300373.451699917
0,316,1.3127,3.2552,2300373.393343792,2300373.451760876,2300373.468366584
0,317,1.4681,2.0905,2300373.410008584,2300373.468425834,2300373.485033250
0,318,1.3519,3.1816,2300373.426674542,2300373.485095917,2300373.501699917
0,319,1.4057,3.6516,2300373.443339834,2300373.501764834,2300373.518366584
0,320,1.3634,3.5302,2300373.460010417,2300373.518435792,2300373.535033251
0,321,1.3771,3.4437,2300373.476675167,2300373.535106292,2300373.551699917
0,322,1.3121,2.9594,2300373.493342209,2300373.551757542,2300373.568366584
0,323,1.4365,4.0998,2300373.510008917,2300373.568417209,2300373.585033251
0,324,1.3575,2.9108,2300373.526674292,2300373.585092459,2300373.601699917
0,325,1.5023,4.1792,2300373.543340959,2300373.601761001,2300373.618366584
0,326,1.4576,4.3725,2300373.560007542,2300373.618427875,2300373.635033250
0,327,1.3856,4.0148,2300373.576673626,2300373.635098459,2300373.651699917
0,328,1.4055,2.8363,2300373.593341376,2300373.651755917,2300373.668366584
0,329,1.4938,4.1515,2300373.610008709,2300373.668430167,2300373.685033251
0,330,1.4763,2.9194,2300373.626673792,2300373.685097792,2300373.701699917
0,331,1.5184,4.2181,2300373.643342126,2300373.701760834,2300373.718366584
0,332,1.5200,4.3510,2300373.660007292,2300373.718424584,2300373.735033250
0,333,1.5957,4.6216,2300373.676673584,2300373.735096417,2300373.751699917
0,334,1.4394,3.8439,2300373.693339917,2300373.751770292,2300373.768366584
0,335,1.2802,4.6235,2300373.710005125,2300373.768423417,2300373.785033251
0,336,1.4028,5.0233,2300373.726673625,2300373.785089542,2300373.801699917
0,337,1.3785,6.6535,2300373.743338251,2300373.801746751,2300373.818366584
0,338,1.4163,7.0598,2300373.760006834,2300373.818430834,2300373.835033251
0,339,1.8577,5.4535,2300373.776671376,2300373.835102709,2300373.851699917
0,340,1.4630,4.7079,2300373.793341251,2300373.851757251,2300373.868366584
0,341,1.4517,3.3535,2300373.810004542,2300373.868423417,2300373.885033250
0,342,1.7080,4.3780,2300373.826672626,2300373.885098251,2300373.901699917
0,343,1.4688,4.6630,2300373.843339959,2300373.901773251,2300373.918366584
0,344,1.4432,4.6356,2300373.860004292,2300373.918436667,2300373.935033251
0,345,1.4635,4.8678,2300373.876672709,2300373.935094126,2300373.951699917
0,346,1.4148,4.6942,2300373.893337500,2300373.951767792,2300373.968366584
0,347,1.3720,4.5893,2300373.910005917,2300373.968443042,2300373.985033250
0,348,1.4049,4.9355,2300373.926671959,2300373.985095459,2300374.001699917
0,349,1.3584,4.8982,2300373.943337209,2300374.001748167,2300374.018366584
0,350,1.3942,4.7073,2300373.960005709,2300374.018434876,2300374.035033251
0,351,1.4422,4.6563,2300373.976670750,2300374.035102875,2300374.051699917
0,352,1.3628,4.3040,2300373.993338625,2300374.051755209,2300374.068366584
0,353,1.3303,4.1602,2300374.010005084,2300374.068424542,2300374.085033251
0,354,1.4070,3.9340,2300374.026671667,2300374.085091459,2300374.101699917
0,355,1.3615,3.8615,2300374.043338875,2300374.101755834,2300374.118366584
0,356,1.4115,3.9400,2300374.060003250,2300374.118428667,2300374.135033250
0,357,1.4430,3.9374,2300374.076670667,2300374.135103917,2300374.151699917
0,358,1.8283,3.9080,2300374.093337042,2300374.151754376,2300374.168366584
0,359,1.3349,3.8886,2300374.110005084,2300374.168432459,2300374.185033251
0,360,1.3932,4.0423,2300374.126671709,2300374.185099584,2300374.201699917
0,361,1.4603,4.1511,2300374.143338250,2300374.201768834,2300374.218366584
0,362,1.4400,4.3882,2300374.160002750,2300374.218439042,2300374.235033250
0,363,1.3778,5.6591,2300374.176669709,2300374.235089209,2300374.251699917
0,364,1.4751,5.5541,2300374.193338001,2300374.251782459,2300374.268366584
0,365,1.3298,3.0104,2300374.210004375,2300374.268424167,2300374.285033251
0,366,1.4365,4.3618,2300374.226669000,2300374.285095001,2300374.301699917
0,367,1.4194,4.7814,2300374.243336959,2300374.301769334,2300374.318366584
0,368,1.4003,4.6493,2300374.260004834,2300374.318441626,2300374.335033251
0,369,1.3008,3.9068,2300374.276671042,2300374.335099167,2300374.351699917
0,370,1.4036,4.3616,2300374.293337667,2300374.351768042,2300374.368366584
0,371,1.2880,3.9480,2300374.310004584,2300374.368426667,2300374.385033250
0,372,1.4265,5.3144,2300374.326669959,2300374.385099750,2300374.401699917
0,373,1.3904,5.3547,2300374.343337250,2300374.401758084,2300374.418366584
0,374,1.4003,5.8289,2300374.360005626,2300374.418434501,2300374.435033251
0,375,1.2865,3.8099,2300374.376670001,2300374.435086417,2300374.451699917
0,376,1.3898,4.7697,2300374.393334792,2300374.451760751,2300374.468366584
0,377,1.3793,3.4084,2300374.410003292,2300374.468424500,2300374.485033250
0,378,1.3936,4.8154,2300374.426668542,2300374.485094417,2300374.501699917
0,379,1.3988,4.8359,2300374.443335917,2300374.501764376,2300374.518366584
0,380,1.4003,4.8479,2300374.460001084,2300374.518421167,2300374.535033251
0,381,1.3083,3.0080,2300374.476668001,2300374.535073209,2300374.551699917
0,382,1.4220,3.8497,2300374.493335750,2300374.551755959,2300374.568366584
0,383,1.2197,2.9907,2300374.510002376,2300374.568408917,2300374.585033251
0,384,1.4507,4.1379,2300374.526667500,2300374.585095501,2300374.601699917
0,385,1.8012,4.4492,2300374.543336126,2300374.601720626,2300374.618333834
0,386,1.5561,4.6538,2300374.560004459,2300374.618390875,2300374.635000500
0,387,1.4595,3.1786,2300374.576667209,2300374.635066209,2300374.651667167
0,388,1.4461,4.6037,2300374.593335875,2300374.651716792,2300374.668333834
0,389,1.4590,2.2646,2300374.610003001,2300374.668396250,2300374.685000501
0,390,1.4412,4.5343,2300374.626669334,2300374.685055001,2300374.701667167
0,391,1.4986,4.8848,2300374.643333542,2300374.701728875,2300374.718333834
0,392,1.4614,4.6454,2300374.660002001,2300374.718403917,2300374.735000500
0,393,1.3786,3.7432,2300374.676667876,2300374.735064209,2300374.751667167
0,394,1.4315,4.0322,2300374.693334500,2300374.751725959,2300374.768333834
0,395,1.4343,4.0736,2300374.710003459,2300374.768404084,2300374.785000501
0,396,1.4867,5.1329,2300374.726666459,2300374.785081417,2300374.801667167
0,397,1.4475,5.7112,2300374.743334875,2300374.801738292,2300374.818333834
0,398,1.3794,5.5810,2300374.760000750,2300374.818407084,2300374.835000501
0,399,1.3579,4.7294,2300374.776666125,2300374.835064459,2300374.851667167
0,400,1.2977,5.2235,2300374.793335125,2300374.851723126,2300374.868333834
0,401,1.2664,5.0675,2300374.810001875,2300374.868388209,2300374.885000500
0,402,1.2656,7.1674,2300374.826667584,2300374.885051084,2300374.901667167
0,403,1.3848,3.9355,2300374.843334084,2300374.901732625,2300374.918333834
0,404,1.3548,3.5985,2300374.860000500,2300374.918395584,2300374.935000501
0,405,1.4060,3.6207,2300374.876665626,2300374.935069959,2300374.951667167
0,406,1.2932,3.2920,2300374.893332250,2300374.951712334,2300374.968333834
0,407,1.1448,3.4597,2300374.910002292,2300374.968403959,2300374.985000500
0,408,1.2751,3.2516,2300374.926667209,2300374.985060917,2300375.001667167
0,409,1.3445,3.5618,2300374.943335501,2300375.001731667,2300375.018333834
0,410,1.4007,3.6410,2300374.959998459,2300375.018400709,2300375.035000501
0,411,1.3607,3.6153,2300374.976666417,2300375.035058584,2300375.051667167
0,412,1.3029,3.5429,2300374.993335167,2300375.051724584,2300375.068333834
0,413,1.3867,2.3908,2300375.009998250,2300375.068401959,2300375.085000501
0,414,1.3344,3.7234,2300375.026665334,2300375.085055167,2300375.101667167
0,415,1.4152,3.9839,2300375.043333792,2300375.101737001,2300375.118333834
0,416,1.4615,4.0337,2300375.060000667,2300375.118406542,2300375.135000500
0,417,1.3735,4.1440,2300375.076666376,2300375.135071834,2300375.151667167
0,418,1.3515,4.2641,2300375.093331167,2300375.151712042,2300375.168333834
0,419,1.4445,4.6398,2300375.109999501,2300375.168394626,2300375.185000501
0,420,1.3383,4.8391,2300375.126667667,2300375.185055376,2300375.201667167
0,421,1.3764,4.8849,2300375.143334084,2300375.201737375,2300375.218333834
0,422,1.3851,5.7915,2300375.159997500,2300375.218398667,2300375.235000500
0,423,1.3908,4.9100,2300375.176664667,2300375.235070792,2300375.251667167
0,424,1.3507,4.7583,2300375.193332667,2300375.251726584,2300375.268333834
0,425,1.4751,5.5858,2300375.209999376,2300375.268397834,2300375.285000501
0,426,1.3953,4.8986,2300375.226664667,2300375.285064125,2300375.301667167
0,427,1.4739,5.7756,2300375.243333792,2300375.301731209,2300375.318333834
0,428,1.4705,5.1700,2300375.259998959,2300375.318399167,2300375.335000501
0,429,1.4966,5.1400,2300375.276665542,2300375.335072292,2300375.351667167
0,430,1.4070,4.7780,2300375.293332001,2300375.351726709,2300375.368333834
0,431,1.2906,5.7719,2300375.309999084,2300375.368400167,2300375.385000500
0,432,1.4030,4.6788,2300375.326663209,2300375.385062750,2300375.401667167
0,433,1.5285,5.3694,2300375.343332001,2300375.401727334,2300375.418333834
0,434,1.5420,5.9462,2300375.359996459,2300375.418406917,2300375.435000501
0,435,1.4422,5.2836,2300375.376665167,2300375.435073084,2300375.451667167
0,436,1.3508,4.3903,2300375.393329542,2300375.451725209,2300375.468333834
0,437,1.4615,3.3533,2300375.409999376,2300375.468392542,2300375.485000500
0,438,1.3733,4.2198,2300375.426662667,2300375.485059959,2300375.501667167
0,439,1.4917,4.6406,2300375.443331542,2300375.501728334,2300375.518333834
0,440,1.4083,5.1450,2300375.460000334,2300375.518402167,2300375.535000501
0,441,1.4015,5.2431,2300375.476662417,2300375.535074250,2300375.551667167
0,442,1.3149,3.9406,2300375.493331167,2300375.551731542,2300375.568333834
0,443,1.4062,5.9348,2300375.509995625,2300375.568404209,2300375.585000501
0,444,1.3379,3.4334,2300375.526664292,2300375.585062292,2300375.601667167
0,445,1.4745,3.9325,2300375.543329792,2300375.601734167,2300375.618333834
0,446,1.4295,4.3599,2300375.559997167,2300375.618399792,2300375.635000500
0,447,1.4073,4.1772,2300375.576663625,2300375.635077292,2300375.651667167
0,448,1.3524,3.2638,2300375.593330417,2300375.651725626,2300375.668333834
0,449,1.3855,4.2521,2300375.609997542,2300375.668383084,2300375.685000501
0,450,1.3230,3.3904,2300375.626663709,2300375.685062792,2300375.701667167
0,451,1.3853,4.5151,2300375.643330167,2300375.701724334,2300375.718333834
0,452,1.4243,4.7918,2300375.659997875,2300375.718391709,2300375.735000500
0,453,1.4347,4.5151,2300375.676663042,2300375.735069917,2300375.751667167
0,454,1.3443,3.0023,2300375.693330209,2300375.751728792,2300375.768333834
0,455,1.2321,4.2201,2300375.709998292,2300375.768395709,2300375.785000501
0,456,1.4741,2.9989,2300375.726663292,2300375.785060667,2300375.801667167
0,457,1.5275,4.4473,2300375.743330542,2300375.801721834,2300375.818333834
0,458,1.4634,4.4432,2300375.759996292,2300375.818393250,2300375.835000501
0,459,1.5527,4.5413,2300375.776663500,2300375.835063042,2300375.851667167
0,460,1.5451,3.6228,2300375.793329459,2300375.851732876,2300375.868333834
0,461,1.4363,3.3749,2300375.809997001,2300375.868398209,2300375.885000500
0,462,1.4448,3.3789,2300375.826662126,2300375.885071375,2300375.901667167
0,463,1.3609,4.3018,2300375.843329334,2300375.901716292,2300375.918333834
0,464,1.5102,4.1516,2300375.859995584,2300375.918390459,2300375.935000501
0,465,1.5003,4.4746,2300375.876662042,2300375.935083501,2300375.951667167
0,466,1.2615,4.3427,2300375.893326917,2300375.951734084,2300375.968333834
0,467,1.4287,5.1943,2300375.909995751,2300375.968402209,2300375.985000500
0,468,1.4425,5.3586,2300375.926660000,2300375.985055375,2300376.001667167
0,469,1.4039,7.3567,2300375.943329376,2300376.001719459,2300376.018333834
0,470,1.4071,5.0998,2300375.959996167,2300376.018411292,2300376.035000501
0,471,1.3923,4.0267,2300375.976662251,2300376.035063709,2300376.051667167
0,472,1.4218,3.6346,2300375.993327709,2300376.051739709,2300376.068333834
0,473,1.4335,3.2760,2300376.009995875,2300376.068380292,2300376.085000501
0,474,1.4020,3.3492,2300376.026660751,2300376.085070792,2300376.101667167
0,475,1.3955,3.0799,2300376.043326834,2300376.101735584,2300376.118333834
0,476,1.4316,3.4067,2300376.059995500,2300376.118398292,2300376.135000500
0,477,1.4684,3.3709,2300376.076659292,2300376.135064334,2300376.151667167
0,478,1.3897,3.3975,2300376.093326792,2300376.151733834,2300376.168333834
0,479,1.2004,3.2031,2300376.109994917,2300376.168397501,2300376.185000501
0,480,1.5373,3.5120,2300376.126660584,2300376.185072709,2300376.201667167
0,481,1.4863,3.6561,2300376.143327542,2300376.201722667,2300376.218333834
0,482,1.4960,3.8445,2300376.159994876,2300376.218392251,2300376.235000500
0,483,1.4742,4.0956,2300376.176659542,2300376.235054959,2300376.251667167
0,484,1.5939,4.5036,2300376.193325334,2300376.251739250,2300376.268333834
0,485,1.5224,3.1945,2300376.209993501,2300376.268404000,2300376.285000501
0,486,1.3815,4.9510,2300376.226658459,2300376.285069459,2300376.301667167
0,487,1.4224,5.2950,2300376.243325084,2300376.301749875,2300376.318333834
0,488,1.4243,6.7745,2300376.259991625,2300376.318398334,2300376.335000501
0,489,1.2666,4.9890,2300376.276658250,2300376.335048626,2300376.351667167
0,490,1.3795,6.1789,2300376.293324750,2300376.351728084,2300376.368333834
0,491,1.3664,4.5676,2300376.309993750,2300376.368395792,2300376.385000500
0,492,1.4135,2.7306,2300376.326660792,2300376.385070667,2300376.401667167
0,493,1.4458,2.9848,2300376.343324459,2300376.401738042,2300376.418333834
0,494,1.4138,2.8689,2300376.359993917,2300376.418405917,2300376.435000501
0,495,1.3096,2.8482,2300376.376659542,2300376.435066251,2300376.451667167
0,496,1.4016,2.7926,2300376.393326750,2300376.451736250,2300376.468333834
0,497,1.3512,2.8311,2300376.409995126,2300376.468383750,2300376.485000500
0,498,1.5114,2.8755,2300376.426657375,2300376.485069792,2300376.501667167
0,499,1.4315,2.7988,2300376.443326334,2300376.501726042,2300376.518333834
0,500,1.4363,2.9146,2300376.459994584,2300376.518406501,2300376.535000501
0,501,1.2819,2.9063,2300376.476658667,2300376.535073917,2300376.551667167
0,502,1.7422,3.3406,2300376.493325042,2300376.551739709,2300376.568333834
0,503,1.2768,2.9595,2300376.509994251,2300376.568396584,2300376.585000501
0,504,1.4891,3.3615,2300376.526659417,2300376.585076417,2300376.601667167
0,505,1.4215,3.4411,2300376.543326709,2300376.601743125,2300376.618333834
0,506,1.4222,3.4165,2300376.559992542,2300376.618399750,2300376.635000500
0,507,1.3914,3.1774,2300376.576656584,2300376.635055709,2300376.651667167
0,508,1.4095,4.1725,2300376.593325542,2300376.651741751,2300376.668333834
0,509,1.3352,2.3049,2300376.609990959,2300376.668404834,2300376.685000501
0,510,1.3828,4.4245,2300376.626656334,2300376.685061959,2300376.701667167
0,511,1.4114,4.7702,2300376.643324250,2300376.701727251,2300376.718333834
0,512,1.4199,4.8441,2300376.659991042,2300376.718401250,2300376.735000500
0,513,1.3554,3.4899,2300376.676656042,2300376.735060500,2300376.751667167
0,514,1.4190,4.7968,2300376.693322667,2300376.751728876,2300376.768333834
0,515,1.3290,3.0839,2300376.709991292,2300376.768389542,2300376.785000501
0,516,1.4160,4.3829,2300376.726655834,2300376.785056417,2300376.801667167
0,517,1.3976,4.3460,2300376.743323584,2300376.801721709,2300376.818333834
0,518,1.4000,4.2113,2300376.759991625,2300376.818394834,2300376.835000501
0,519,1.3585,2.9255,2300376.776656875,2300376.835068042,2300376.851667167
0,520,1.3558,4.1768,2300376.793326084,2300376.851720125,2300376.868333834
0,521,1.3516,2.9098,2300376.809992000,2300376.868385584,2300376.885000500
0,522,1.3378,3.8093,2300376.826656792,2300376.885059625,2300376.901667167
0,523,1.3840,4.1173,2300376.843323626,2300376.901731626,2300376.918333834
0,524,1.4088,3.5930,2300376.859991000,2300376.918399042,2300376.935000501
0,525,1.3420,3.6171,2300376.876656459,2300376.935069917,2300376.951667167
0,526,1.3685,3.9818,2300376.893323167,2300376.951736917,2300376.968333834
0,527,1.2116,4.0975,2300376.909989750,2300376.968404834,2300376.985000500
0,528,1.3828,5.3493,2300376.926654709,2300376.985063584,2300377.001667167
0,529,1.8417,5.4510,2300376.943323209,2300377.001721209,2300377.018333834
0,530,1.4837,6.1318,2300376.959992042,2300377.018403792,2300377.035000501
0,531,1.4545,5.5423,2300376.976655751,2300377.035066125,2300377.051667167
0,532,1.3597,6.9669,2300376.993323626,2300377.051717125,2300377.068333834
0,533,1.4168,3.7061,2300377.009989959,2300377.068398834,2300377.085000501
0,534,1.3514,5.3393,2300377.026655334,2300377.085060625,2300377.101667167
0,535,1.4057,3.8895,2300377.043320792,2300377.101729625,2300377.118333834
0,536,1.4114,3.6666,2300377.059988792,2300377.118401459,2300377.135000500
0,537,1.4023,3.4617,2300377.076655792,2300377.135068292,2300377.151667167
0,538,1.3281,3.1134,2300377.093323667,2300377.151720000,2300377.168333834
0,539,1.3470,3.2059,2300377.109988709,2300377.168398667,2300377.185000501
0,540,1.3740,2.9904,2300377.126653667,2300377.185058375,2300377.201667167
0,541,1.4780,3.1411,2300377.143320334,2300377.201735834,2300377.218333834
0,542,1.4271,3.0506,2300377.159988876,2300377.218404459,2300377.235000500
0,543,1.4462,3.1605,2300377.176654959,2300377.235064875,2300377.251667167
0,544,1.3195,2.9341,2300377.193322084,2300377.251718542,2300377.268333834
0,545,1.4844,3.1409,2300377.209989209,2300377.268399584,2300377.285000501
0,546,1.3611,3.0807,2300377.226653167,2300377.285068500,2300377.301667167
0,547,1.4360,3.3468,2300377.243321917,2300377.301739959,2300377.318333834
0,548,1.4276,3.5589,2300377.259986375,2300377.318397542,2300377.335000501
0,549,1.5078,3.8322,2300377.276652917,2300377.335065292,2300377.351667167
0,550,1.3482,3.7869,2300377.293322251,2300377.351726792,2300377.368333834
0,551,1.2778,4.4881,2300377.309988625,2300377.368396501,2300377.385000500
0,552,1.3615,5.0086,2300377.326654626,2300377.385054750,2300377.401667167
0,553,1.4895,7.3907,2300377.343320959,2300377.401745542,2300377.418333834
0,554,1.5356,6.1903,2300377.359987209,2300377.418416751,2300377.435000501
0,555,1.4861,5.0896,2300377.376652375,2300377.435067126,2300377.451667167
0,556,1.3829,4.2246,2300377.393320667,2300377.451727876,2300377.468333834
0,557,1.4642,3.0553,2300377.409987459,2300377.468407084,2300377.485000500
0,558,1.4136,3.8101,2300377.426654084,2300377.485055875,2300377.501667167
0,559,1.4372,4.0195,2300377.443321126,2300377.501738334,2300377.518333834
0,560,1.4135,4.4710,2300377.459989125,2300377.518407500,2300377.535000501
0,561,1.4571,4.4648,2300377.476653917,2300377.535065000,2300377.551667167
0,562,1.3769,3.7320,2300377.493318376,2300377.551725834,2300377.568333834
0,563,1.5460,4.8167,2300377.509987917,2300377.568407709,2300377.585000501
0,564,1.4149,3.9440,2300377.526651626,2300377.585060709,2300377.601667167
0,565,1.4952,5.5462,2300377.543320084,2300377.601730584,2300377.618333834
0,566,1.4315,4.9691,2300377.559987125,2300377.618405875,2300377.635000500
0,567,1.4965,4.8083,2300377.576651334,2300377.635055542,2300377.651667167
0,568,1.4268,3.3312,2300377.593321209,2300377.651732792,2300377.668333834
0,569,1.4439,4.8693,2300377.609986667,2300377.668391459,2300377.685000501
0,570,1.3763,2.9517,2300377.626652709,2300377.685059584,2300377.701667167
0,571,1.3826,4.0667,2300377.643320376,2300377.701720584,2300377.718333834
0,572,1.3858,4.4859,2300377.659987667,2300377.718388709,2300377.735000500
0,573,1.4045,4.0515,2300377.676652626,2300377.735061501,2300377.751667167
0,574,1.4023,3.0941,2300377.693317376,2300377.751725459,2300377.768333834
0,575,1.2809,3.8497,2300377.709986376,2300377.768391834,2300377.785000501
0,576,1.4535,3.3050,2300377.726651709,2300377.785062542,2300377.801667167
0,577,1.5435,4.5129,2300377.743319209,2300377.801736042,2300377.818333834
0,578,1.4977,4.6371,2300377.759986167,2300377.818394084,2300377.835000501
0,579,1.5208,5.0244,2300377.776652875,2300377.835060709,2300377.851667167
0,580,1.3734,3.9100,2300377.793319084,2300377.851717417,2300377.868333834
0,581,1.8985,2.9541,2300377.809986292,2300377.868387167,2300377.885000500
0,582,1.5594,4.3536,2300377.826651959,2300377.885071834,2300377.901667167
0,583,1.4387,5.2109,2300377.843319709,2300377.901732001,2300377.918333834
0,584,1.4271,6.5935,2300377.859985584,2300377.918391667,2300377.935000501
0,585,1.5412,7.1628,2300377.876650959,2300377.935067875,2300377.951667167
0,586,1.4067,4.8701,2300377.893316334,2300377.951732000,2300377.968333834
0,587,1.3419,5.9587,2300377.909982875,2300377.968396292,2300377.985000500
0,588,1.3190,5.1610,2300377.926649417,2300377.985053251,2300378.001667167
0,589,1.3942,6.1458,2300377.943316042,2300378.001738792,2300378.018333834
0,590,1.3831,6.1357,2300377.959982626,2300378.018398625,2300378.035000501
0,591,1.4268,5.0729,2300377.976653000,2300378.035068167,2300378.051667167
0,592,1.4575,4.6492,2300377.993315751,2300378.051734667,2300378.068333834
0,593,1.3574,4.9079,2300378.009985709,2300378.068389751,2300378.085000501
0,594,1.4066,3.6465,2300378.026648959,2300378.085069542,2300378.101667167
0,595,1.4312,3.2964,2300378.043318709,2300378.101718917,2300378.118333834
0,596,1.4363,3.5672,2300378.059982126,2300378.118407292,2300378.135000500
0,597,1.3948,3.3333,2300378.076652709,2300378.135066876,2300378.151667167
0,598,1.3905,3.3211,2300378.093317084,2300378.151715292,2300378.168333834
0,599,1.1645,3.1511,2300378.109982876,2300378.168392001,2300378.185000501
0,600,1.4318,3.3525,2300378.126649292,2300378.185073792,2300378.201667167
0,601,1.3699,3.2713,2300378.143317125,2300378.201714001,2300378.218333834
0,602,1.4599,3.5253,2300378.159981542,2300378.218414542,2300378.235000500
0,603,1.3948,3.6135,2300378.176649834,2300378.235067125,2300378.251667167
0,604,1.4427,3.7667,2300378.193316875,2300378.251737501,2300378.268333834
0,605,1.2641,2.6222,2300378.209984084,2300378.268386834,2300378.285000501
0,606,1.4141,3.9164,2300378.226649834,2300378.285065292,2300378.301667167
0,607,1.4112,3.8664,2300378.243315501,2300378.301742084,2300378.318333834
0,608,1.4200,3.9218,2300378.259982001,2300378.318401042,2300378.335000501
0,609,1.3476,4.5834,2300378.276648917,2300378.335049667,2300378.351667167
0,610,1.4540,5.5215,2300378.293314167,2300378.351735834,2300378.368333834
0,611,1.3889,4.8319,2300378.309980792,2300378.368391001,2300378.385000500
0,612,1.4406,6.5784,2300378.326649167,2300378.385063917,2300378.401667167
0,613,1.4925,4.9755,2300378.343316250,2300378.401738084,2300378.418333834
0,614,1.8727,4.7231,2300378.359980500,2300378.418414709,2300378.435000501
0,615,1.4679,3.9135,2300378.376649376,2300378.435064001,2300378.451667167
0,616,1.4300,4.4340,2300378.393315625,2300378.451745917,2300378.468333834
0,617,1.3092,4.0649,2300378.409980209,2300378.468397959,2300378.485000500
0,618,1.3726,5.1884,2300378.426648001,2300378.485054292,2300378.501667167
0,619,1.4140,5.4364,2300378.443315334,2300378.501729542,2300378.518333834
0,620,1.4314,5.3171,2300378.459982084,2300378.518408459,2300378.535000501
0,621,1.3138,3.9378,2300378.476649584,2300378.535055334,2300378.551667167
0,622,1.4065,5.1554,2300378.493313125,2300378.551736459,2300378.568333834
0,623,1.1832,4.1634,2300378.509979709,2300378.568383084,2300378.585000501
0,624,1.4755,5.8261,2300378.526647584,2300378.585068584,2300378.601667167
0,625,1.4543,5.3935,2300378.543314834,2300378.601729167,2300378.618333834
0,626,1.4542,5.4509,2300378.559981125,2300378.618392459,2300378.635000500
0,627,1.3631,4.2841,2300378.576645959,2300378.635063292,2300378.651667167
0,628,1.3951,6.2910,2300378.593314376,2300378.651731876,2300378.668333834
0,629,1.4043,2.6748,2300378.609979126,2300378.668389209,2300378.685000501
0,630,1.4383,5.1947,2300378.626647376,2300378.685074584,2300378.701667167
0,631,1.4799,4.5526,2300378.643313709,2300378.701731750,2300378.718333834
0,632,1.4258,4.4793,2300378.659980917,2300378.718406417,2300378.735000500
0,633,1.3839,3.0034,2300378.676647375,2300378.735060667,2300378.751667167
0,634,1.8805,4.2550,2300378.693313959,2300378.751721500,2300378.768333834
0,635,1.5627,2.9549,2300378.709978667,2300378.768399084,2300378.785000501
0,636,1.4330,3.8719,2300378.726645167,2300378.785043459,2300378.801667167
0,637,1.3875,4.0231,2300378.743316500,2300378.801731792,2300378.818333834
0,638,1.4045,4.1589,2300378.759981334,2300378.818395584,2300378.835000501
0,639,1.3739,2.8612,2300378.776646042,2300378.835056126,2300378.851667167
1,32,1.4122,3.5965,2300379.376643500,2300379.435066792,2300379.451667167
1,33,1.3173,3.5111,2300379.393309459,2300379.451727209,2300379.468333834
1,34,1.4067,3.5533,2300379.409977417,2300379.468394959,2300379.485000500
1,35,1.3404,3.5724,2300379.426642334,2300379.485055084,2300379.501667167
1,36,1.4918,3.5022,2300379.443311209,2300379.501738834,2300379.518333834
1,37,1.4493,3.5594,2300379.459977334,2300379.518422542,2300379.535000501
1,38,1.3978,4.1006,2300379.476643959,2300379.535072292,2300379.551667167
1,39,1.3077,3.4959,2300379.493309667,2300379.551724709,2300379.568333834
1,40,1.3978,4.4155,2300379.509977042,2300379.568405125,2300379.585000501
1,41,1.3307,3.4906,2300379.526642750,2300379.585068667,2300379.601667167
1,42,1.3875,4.6593,2300379.543309626,2300379.601729417,2300379.618333834
1,43,1.3570,4.9466,2300379.559976000,2300379.618395959,2300379.635000500
1,44,1.3945,4.8879,2300379.576640667,2300379.635064876,2300379.651667167
1,45,1.3407,3.6096,2300379.593309209,2300379.651720584,2300379.668333834
1,46,1.3860,5.1753,2300379.609975917,2300379.668389542,2300379.685000501
1,47,1.2193,3.5905,2300379.626642000,2300379.685053042,2300379.701667167
1,48,1.4552,5.4599,2300379.643310042,2300379.701718167,2300379.718333834
1,49,1.3300,5.0850,2300379.659975292,2300379.718391792,2300379.735000500
1,50,1.5735,5.5215,2300379.676640125,2300379.735054917,2300379.751667167
1,51,1.3791,3.8578,2300379.693306709,2300379.751728792,2300379.768333834
1,52,1.3592,5.3312,2300379.709973292,2300379.768395501,2300379.785000501
1,53,1.3525,3.0521,2300379.726642709,2300379.785050917,2300379.801667167
1,54,1.2526,5.6317,2300379.743309792,2300379.801721625,2300379.818333834
1,55,1.2931,6.1941,2300379.759973042,2300379.818391834,2300379.835000501
1,56,1.2995,6.6699,2300379.776642292,2300379.835055459,2300379.851667167
1,57,1.2712,5.6489,2300379.793306251,2300379.851715126,2300379.868333834
1,58,1.1919,7.6316,2300379.809972875,2300379.868369501,2300379.885000500
1,59,1.3905,7.4431,2300379.826639417,2300379.885062209,2300379.901667167
1,60,1.2750,4.4978,2300379.843308084,2300379.901714459,2300379.918333834
1,61,1.2933,4.3060,2300379.859976500,2300379.918377500,2300379.935000501
1,62,1.3300,3.8137,2300379.876639084,2300379.935056584,2300379.951667167
1,63,1.3665,3.6180,2300379.893305625,2300379.951725792,2300379.968333834
1,64,1.2537,3.4854,2300379.909975084,2300379.968386834,2300379.985000500
1,65,1.3001,3.6600,2300379.926638792,2300379.985063792,2300380.001667167
1,66,1.2370,3.5187,2300379.943305417,2300380.001721500,2300380.018333834
1,67,1.4341,3.7223,2300379.959974209,2300380.018389959,2300380.035000501
1,68,1.3779,3.6917,2300379.976639250,2300380.035051042,2300380.051667167
1,69,1.4347,3.6907,2300379.993306626,2300380.051722542,2300380.068333834
1,70,1.3674,3.5454,2300380.009972875,2300380.068401542,2300380.085000501
1,71,1.2513,3.7960,2300380.026639459,2300380.085062834,2300380.101667167
1,72,1.3827,3.6789,2300380.043307417,2300380.101732500,2300380.118333834
1,73,1.4612,4.0954,2300380.059971459,2300380.118399542,2300380.135000500
1,74,1.3228,4.0969,2300380.076639209,2300380.135062542,2300380.151667167
1,75,1.4217,4.3905,2300380.093304626,2300380.151731792,2300380.168333834
1,76,1.3488,4.2643,2300380.109973167,2300380.168386792,2300380.185000501
1,77,1.4082,3.4831,2300380.126639251,2300380.185057042,2300380.201667167
1,78,1.4275,6.2531,2300380.143306584,2300380.201745209,2300380.218333834
1,79,1.4331,5.0582,2300380.159970917,2300380.218394167,2300380.235000500
1,80,1.3340,4.8155,2300380.176638959,2300380.235047917,2300380.251667167
1,81,1.8758,5.2135,2300380.193304000,2300380.251725417,2300380.268333834
1,82,1.4774,5.0378,2300380.209970626,2300380.268389292,2300380.285000501
1,83,1.4848,5.8723,2300380.226637209,2300380.285065751,2300380.301667167
1,84,1.4209,5.5424,2300380.243304959,2300380.301728751,2300380.318333834
1,85,1.4539,5.6134,2300380.259972542,2300380.318394334,2300380.335000501
1,86,1.3093,4.3751,2300380.276638542,2300380.335052834,2300380.351667167
1,87,1.4794,5.4357,2300380.293303542,2300380.351731167,2300380.368333834
1,88,1.4298,4.1393,2300380.309971834,2300380.368385417,2300380.385000500
1,89,1.5429,5.0234,2300380.326638209,2300380.385054876,2300380.401667167
1,90,1.5336,5.3250,2300380.343304917,2300380.401726167,2300380.418333834
1,91,1.3761,5.6235,2300380.359971917,2300380.418391709,2300380.435000501
1,92,1.4174,3.8167,2300380.376637209,2300380.435054417,2300380.451667167
1,93,1.4926,5.4015,2300380.393302959,2300380.451716250,2300380.468333834
1,94,1.3992,3.5387,2300380.409970250,2300380.468404667,2300380.485000500
1,95,1.2765,4.9855,2300380.426636167,2300380.485046250,2300380.501667167
1,96,1.4908,5.3085,2300380.443302709,2300380.501718251,2300380.518333834
1,97,1.4495,5.2192,2300380.459972584,2300380.518395292,2300380.535000501
1,98,1.3186,3.7786,2300380.476637542,2300380.535057042,2300380.551667167
1,99,1.3985,4.9152,2300380.493306209,2300380.551715834,2300380.568333834
1,100,1.2960,3.8692,2300380.509971542,2300380.568381209,2300380.585000501
1,101,1.3949,3.0910,2300380.526638042,2300380.585043292,2300380.601667167
1,102,1.4084,5.1110,2300380.543303792,2300380.601738376,2300380.618333834
1,103,1.3815,5.3427,2300380.559971459,2300380.618390584,2300380.635000500
1,104,1.4169,4.3391,2300380.576635334,2300380.635060292,2300380.651667167
1,105,1.3731,5.7773,2300380.593301959,2300380.651716792,2300380.668333834
1,106,1.4241,4.8556,2300380.609971042,2300380.668390626,2300380.685000501
1,107,1.6573,6.4431,2300380.626635084,2300380.685068125,2300380.701667167
1,108,1.5185,7.1206,2300380.643301584,2300380.701727584,2300380.718333834
1,109,1.4195,6.4360,2300380.659971042,2300380.718404500,2300380.735000500
1,110,1.3787,5.8485,2300380.676638334,2300380.735020625,2300380.751634584
1,111,1.3302,8.0552,2300380.693304250,2300380.751686167,2300380.768301250
1,112,1.3844,6.3395,2300380.709967959,2300380.768352292,2300380.784967917
1,113,1.3124,7.9857,2300380.726634501,2300380.785021251,2300380.801634584
1,114,1.4254,6.7240,2300380.743303000,2300380.801686251,2300380.818301251
1,115,1.4289,6.2619,2300380.759970501,2300380.818351959,2300380.834967917
1,116,1.4590,4.9879,2300380.776635167,2300380.835038417,2300380.851634584
1,117,1.3821,5.3985,2300380.793303376,2300380.851697084,2300380.868301251
1,118,1.4541,4.8404,2300380.809967417,2300380.868363834,2300380.884967917
1,119,1.2217,4.7749,2300380.826634001,2300380.885020209,2300380.901634584
1,120,1.4907,5.2740,2300380.843302042,2300380.901692834,2300380.918301250
1,121,1.4657,5.1887,2300380.859967167,2300380.918360251,2300380.934967917
1,122,1.4999,4.9371,2300380.876633709,2300380.935026376,2300380.951634584
1,123,1.4172,4.9665,2300380.893300292,2300380.951689500,2300380.968301251
1,124,1.4158,5.3185,2300380.909966875,2300380.968365125,2300380.984967917
1,125,1.4312,3.9505,2300380.926633500,2300380.985022375,2300381.001634584
1,126,1.5315,4.8836,2300380.943301917,2300381.001703209,2300381.018301250
1,127,1.4918,4.8702,2300380.959970417,2300381.018379584,2300381.034967917
1,128,1.5384,4.8151,2300380.976633209,2300381.035038042,2300381.051634584
1,129,1.4571,4.5410,2300380.993301709,2300381.051697501,2300381.068301251
1,130,1.5080,4.8479,2300381.009967750,2300381.068377000,2300381.084967917
1,131,1.4252,4.6733,2300381.026634209,2300381.085021709,2300381.101634584
1,132,1.4774,4.6824,2300381.043299500,2300381.101695459,2300381.118301251
1,133,1.4272,4.6989,2300381.059967834,2300381.118371417,2300381.134967917
1,134,1.3496,4.8034,2300381.076633750,2300381.135040584,2300381.151634584
1,135,1.3274,5.2162,2300381.093299209,2300381.151687084,2300381.168301250
1,136,1.3997,5.7993,2300381.109968751,2300381.168362042,2300381.184967917
1,137,1.3359,4.8561,2300381.126633417,2300381.185017875,2300381.201634584
1,138,1.4064,6.0023,2300381.143301792,2300381.201688751,2300381.218301251
1,139,1.4257,5.5512,2300381.159968000,2300381.218362250,2300381.234967917
1,140,1.4142,5.1916,2300381.176634251,2300381.235032625,2300381.251634584
1,141,1.3621,4.1775,2300381.193300459,2300381.251679542,2300381.268301250
1,142,1.4132,4.4791,2300381.209965209,2300381.268365917,2300381.284967917
1,143,1.2055,4.2329,2300381.226632751,2300381.285020167,2300381.301634584
1,144,1.4129,4.5143,2300381.243300334,2300381.301696667,2300381.318301251
1,145,1.4747,5.0547,2300381.259965042,2300381.318372292,2300381.334967917
1,146,1.4186,5.0820,2300381.276632584,2300381.335031334,2300381.351634584
1,147,1.3458,4.6462,2300381.293299959,2300381.351685750,2300381.368301251
1,148,1.4411,5.3411,2300381.309964709,2300381.368361625,2300381.384967917
1,149,1.3322,3.4490,2300381.326633126,2300381.385018084,2300381.401634584
1,150,1.4087,6.3863,2300381.343300667,2300381.401697334,2300381.418301250
1,151,1.3921,5.3952,2300381.359966584,2300381.418356501,2300381.434967917
1,152,1.4129,5.1498,2300381.376633709,2300381.435021042,2300381.451634584
1,153,1.3402,4.1871,2300381.393300584,2300381.451678292,2300381.468301251
1,154,1.4840,5.6135,2300381.409965792,2300381.468361084,2300381.484967917
1,155,1.3726,4.1416,2300381.426631250,2300381.485015125,2300381.501634584
1,156,1.5422,5.5899,2300381.443299459,2300381.501686542,2300381.518301250
1,157,1.4628,5.7580,2300381.459965209,2300381.518344000,2300381.534967917
1,158,1.3590,5.6332,2300381.476632542,2300381.535022834,2300381.551634584
1,159,1.3356,3.8082,2300381.493298750,2300381.551681167,2300381.568301251
1,160,1.4023,5.8037,2300381.509966875,2300381.568337000,2300381.584967917
1,161,1.4028,3.6077,2300381.526630209,2300381.585025584,2300381.601634584
1,162,1.3869,5.0214,2300381.543299376,2300381.601686584,2300381.618301251
1,163,1.8507,5.0841,2300381.559965209,2300381.618365501,2300381.634967917
1,164,1.5437,5.0100,2300381.576629917,2300381.635011792,2300381.651634584
1,165,1.4575,3.5004,2300381.593296584,2300381.651684834,2300381.668301250
1,166,1.4700,5.1615,2300381.609965292,2300381.668354375,2300381.684967917
1,167,1.2587,3.5370,2300381.626631042,2300381.685032000,2300381.701634584
1,168,1.9332,4.9268,2300381.643296251,2300381.701694792,2300381.718301251
1,169,1.5605,5.2020,2300381.659964542,2300381.718356667,2300381.734967917
1,170,1.4355,5.2257,2300381.676632042,2300381.735027834,2300381.751634584
1,171,1.4044,3.7733,2300381.693296292,2300381.751697334,2300381.768301250
1,172,1.4618,4.1588,2300381.709966167,2300381.768358917,2300381.784967917
1,173,1.3940,2.6698,2300381.726632751,2300381.785020459,2300381.801634584
1,174,2.0058,4.6707,2300381.743297875,2300381.801680459,2300381.818301251
1,175,1.5994,4.4190,2300381.759964709,2300381.818350417,2300381.834967917
1,176,1.7534,4.8497,2300381.776630209,2300381.835022042,2300381.851634584
1,177,1.5030,4.5970,2300381.793298000,2300381.851709709,2300381.868301251
1,178,1.4529,5.2749,2300381.809962001,2300381.868355334,2300381.884967917
1,179,1.4372,5.5342,2300381.826628625,2300381.885011834,2300381.901634584
1,180,1.4115,7.6362,2300381.843297125,2300381.901690834,2300381.918301250
1,181,1.4445,8.7385,2300381.859961876,2300381.918364292,2300381.934967917
1,182,1.4367,6.6271,2300381.876630626,2300381.935015000,2300381.951634584
1,183,1.3780,5.6198,2300381.893296125,2300381.951691459,2300381.968301251
1,184,1.3805,6.0363,2300381.909961501,2300381.968348167,2300381.984967917
1,185,1.3587,5.5677,2300381.926628084,2300381.985022834,2300382.001634584
1,186,1.2126,6.2720,2300381.943294667,2300382.001692542,2300382.018301250
1,187,1.2974,6.2801,2300381.959964084,2300382.018350792,2300382.034967917
1,188,1.3384,6.3775,2300381.976629917,2300382.035042875,2300382.051634584
1,189,1.3569,5.7185,2300381.993296167,2300382.051689042,2300382.068301251
1,190,1.2558,6.0204,2300382.009963376,2300382.068345709,2300382.084967917
1,191,1.2043,6.0003,2300382.026627584,2300382.085021000,2300382.101634584
1,192,1.3415,6.1430,2300382.043298334,2300382.101679959,2300382.118301251
1,193,1.4218,5.9370,2300382.059963292,2300382.118366250,2300382.134967917
1,194,1.2966,5.5448,2300382.076627292,2300382.135026126,2300382.151634584
1,195,1.4478,5.3788,2300382.093295417,2300382.151697292,2300382.168301250
1,196,1.2864,5.1525,2300382.109960459,2300382.168346959,2300382.184967917
1,197,1.4215,3.6375,2300382.126628709,2300382.185021875,2300382.201634584
1,198,1.3848,4.7901,2300382.143293584,2300382.201694792,2300382.218301251
1,199,1.4437,5.0724,2300382.159962167,2300382.218357417,2300382.234967917
1,200,1.3300,5.2553,2300382.176627709,2300382.235013042,2300382.251634584
1,201,1.5081,4.7143,2300382.193293292,2300382.251692792,2300382.268301250
1,202,1.4478,4.7379,2300382.209962584,2300382.268366292,2300382.284967917
1,203,1.4340,4.6059,2300382.226629834,2300382.285022959,2300382.301634584
1,204,1.4094,5.2247,2300382.243293084,2300382.301707000,2300382.318301251
1,205,1.3793,5.7266,2300382.259959626,2300382.318355876,2300382.334967917
1,206,1.2821,4.7024,2300382.276626251,2300382.335008084,2300382.351634584
1,207,1.4311,6.7635,2300382.293295209,2300382.351697792,2300382.368301251
1,208,1.3460,4.4778,2300382.309959375,2300382.368351625,2300382.384967917
1,209,1.4317,3.7214,2300382.326625876,2300382.385020834,2300382.401634584
1,210,1.4188,3.5778,2300382.343294042,2300382.401686667,2300382.418301250
1,211,1.4137,3.8060,2300382.359959126,2300382.418354126,2300382.434967917
1,212,1.3574,3.5228,2300382.376625625,2300382.435012834,2300382.451634584
1,213,1.3841,3.5490,2300382.393295042,2300382.451681167,2300382.468301251
1,214,1.2907,3.5048,2300382.409958834,2300382.468350626,2300382.484967917
1,215,1.2643,4.1867,2300382.426626751,2300382.485026292,2300382.501634584
1,216,1.4157,4.4782,2300382.443293501,2300382.501686626,2300382.518301250
1,217,1.4219,3.9958,2300382.459961834,2300382.518356625,2300382.534967917
1,218,1.3353,3.5377,2300382.476626834,2300382.535017917,2300382.551634584
1,219,1.4302,4.5150,2300382.493295000,2300382.551676667,2300382.568301251
1,220,1.3854,3.5544,2300382.509959375,2300382.568334459,2300382.584967917
1,221,1.4043,3.4773,2300382.526626667,2300382.585020417,2300382.601634584
1,222,1.4835,5.0427,2300382.543291417,2300382.601680875,2300382.618301251
1,223,1.4994,4.9406,2300382.559960709,2300382.618347834,2300382.634967917
1,224,1.3888,3.6024,2300382.576624542,2300382.635018875,2300382.651634584
1,225,1.4395,5.0925,2300382.593292626,2300382.651683959,2300382.668301250
1,226,1.5235,3.5162,2300382.609957792,2300382.668355917,2300382.684967917
1,227,1.4777,5.2835,2300382.626627084,2300382.685026250,2300382.701634584
1,228,1.5295,5.0983,2300382.643293876,2300382.701682459,2300382.718301251
1,229,1.4445,5.1762,2300382.659959959,2300382.718350876,2300382.734967917
1,230,1.4382,3.8211,2300382.676626334,2300382.735029834,2300382.751634584
1,231,1.3927,4.9342,2300382.693292500,2300382.751685959,2300382.768301250
1,232,1.3601,4.0115,2300382.709959792,2300382.768354167,2300382.784967917
1,233,1.2886,4.6133,2300382.726625542,2300382.785005375,2300382.801634584
1,234,1.3463,4.5770,2300382.743292792,2300382.801705625,2300382.818301251
1,235,1.4066,5.2462,2300382.759958959,2300382.818357876,2300382.834967917
1,236,1.3529,4.9856,2300382.776627375,2300382.835014709,2300382.851634584
1,237,1.3001,6.2078,2300382.793292834,2300382.851676584,2300382.868301251
1,238,1.3616,5.4919,2300382.809960584,2300382.868355167,2300382.884967917
1,239,1.1765,6.0785,2300382.826624542,2300382.885013042,2300382.901634584
1,240,1.4283,5.4995,2300382.843293084,2300382.901706250,2300382.918301250
1,241,1.4083,5.2788,2300382.859958917,2300382.918349084,2300382.934967917
1,242,1.3843,5.1785,2300382.876624750,2300382.935040875,2300382.951634584
1,243,1.3032,5.2363,2300382.893290959,2300382.951681626,2300382.968301251
1,244,1.4220,5.2875,2300382.909958500,2300382.968348584,2300382.984967917
1,245,1.4018,3.9058,2300382.926624375,2300382.985022375,2300383.001634584
1,246,1.4601,4.9309,2300382.943290875,2300383.001690584,2300383.018301250
1,247,1.4166,4.9434,2300382.959958167,2300383.018360251,2300383.034967917
1,248,1.4535,4.7613,2300382.976622459,2300383.035035251,2300383.051634584
1,249,1.4010,4.5855,2300382.993289000,2300383.051694084,2300383.068301251
1,250,1.4718,4.6640,2300383.009958376,2300383.068373459,2300383.084967917
1,251,1.4493,4.6282,2300383.026623917,2300383.085016959,2300383.101634584
1,252,1.4210,4.8458,2300383.043290042,2300383.101696292,2300383.118301251
1,253,1.5639,4.5462,2300383.059958709,2300383.118360417,2300383.134967917
1,254,1.4763,4.7099,2300383.076622792,2300383.135029792,2300383.151634584
1,255,1.3977,4.8571,2300383.093288459,2300383.151688334,2300383.168301250
1,256,1.4446,5.2298,2300383.109955084,2300383.168360751,2300383.184967917
1,257,1.4189,5.7036,2300383.126621625,2300383.185020334,2300383.201634584
1,258,1.5356,6.8236,2300383.143288209,2300383.201703126,2300383.218301251
1,259,1.4403,5.0068,2300383.159957625,2300383.218362417,2300383.234967917
1,260,1.4768,4.7979,2300383.176622001,2300383.235029334,2300383.251634584
1,261,1.4068,4.3804,2300383.193290500,2300383.251675542,2300383.268301250
1,262,1.4205,4.4464,2300383.209955917,2300383.268354001,2300383.284967917
1,263,1.2425,4.1907,2300383.226621084,2300383.285035084,2300383.301634584
1,264,1.5595,4.5101,2300383.243287709,2300383.301694209,2300383.318301251
1,265,1.8702,5.2330,2300383.259956376,2300383.318370834,2300383.334967917
1,266,1.5053,5.1404,2300383.276620792,2300383.335039709,2300383.351634584
1,267,1.3334,4.6631,2300383.293290126,2300383.351679042,2300383.368301251
1,268,1.5183,6.0371,2300383.309954001,2300383.368354292,2300383.384967917
1,269,1.3339,3.0391,2300383.326622334,2300383.385019042,2300383.401634584
1,270,1.4345,5.6477,2300383.343287126,2300383.401682042,2300383.418301250
1,271,1.4208,5.3883,2300383.359955750,2300383.418370042,2300383.434967917
1,272,1.4887,5.1930,2300383.376622250,2300383.435028417,2300383.451634584
1,273,1.3671,3.6885,2300383.393289834,2300383.451682709,2300383.468301251
1,274,1.4663,5.1717,2300383.409955459,2300383.468345959,2300383.484967917
1,275,1.4164,3.5143,2300383.426622459,2300383.485021917,2300383.501634584
1,276,1.4365,5.1366,2300383.443286542,2300383.501688209,2300383.518301250
1,277,1.3988,4.9692,2300383.459955376,2300383.518356375,2300383.534967917
1,278,1.4390,4.9691,2300383.476619751,2300383.535026376,2300383.551634584
1,279,1.3812,3.4697,2300383.493288001,2300383.551698001,2300383.568301251
1,280,1.5665,5.3242,2300383.509954917,2300383.568361626,2300383.584967917
1,281,1.4375,3.7686,2300383.526621875,2300383.585025667,2300383.601634584
1,282,1.5845,5.3441,2300383.543289584,2300383.601707959,2300383.618301251
1,283,1.4489,5.6269,2300383.559954626,2300383.618377417,2300383.634967917
1,284,1.4554,5.5305,2300383.576619209,2300383.635033584,2300383.651634584
1,285,1.4323,4.3745,2300383.593285792,2300383.651694334,2300383.668301250
1,286,1.4322,5.9234,2300383.609952334,2300383.668359917,2300383.684967917
1,287,1.3085,5.0288,2300383.626620292,2300383.685017959,2300383.701634584
1,288,1.3562,6.8774,2300383.643285542,2300383.701688584,2300383.718301251
1,289,1.5002,8.0418,2300383.659952084,2300383.718360209,2300383.734967917
1,290,1.4234,6.4639,2300383.676620292,2300383.735029834,2300383.751634584
1,291,1.3538,5.8337,2300383.693285209,2300383.751699084,2300383.768301250
1,292,1.3408,6.2165,2300383.709951834,2300383.768344292,2300383.784967917
1,293,1.4922,4.2396,2300383.726621292,2300383.785022500,2300383.801634584
1,294,1.4008,5.8740,2300383.743287250,2300383.801693667,2300383.818301251
1,295,1.5040,5.7095,2300383.759952459,2300383.818368917,2300383.834967917
1,296,1.4621,5.4896,2300383.776619625,2300383.835037375,2300383.851634584
1,297,1.5387,4.9738,2300383.793284709,2300383.851700542,2300383.868301251
1,298,1.3638,4.9631,2300383.809953084,2300383.868352209,2300383.884967917
1,299,1.4844,4.8644,2300383.826619876,2300383.885035459,2300383.901634584
1,300,1.3118,5.1299,2300383.843284500,2300383.901687126,2300383.918301250
1,301,1.4522,4.8103,2300383.859951001,2300383.918358584,2300383.934967917
1,302,1.4554,4.6671,2300383.876618626,2300383.935049626,2300383.951634584
1,303,1.4922,4.5460,2300383.893286251,2300383.951707751,2300383.968301251
1,304,1.4567,4.5467,2300383.909952542,2300383.968361125,2300383.984967917
1,305,1.4947,4.6380,2300383.926617334,2300383.985039709,2300384.001634584
1,306,1.4522,4.7260,2300383.943283834,2300384.001704875,2300384.018301250
1,307,1.5231,4.5787,2300383.959950501,2300384.018374500,2300384.034967917
1,308,1.4297,5.0225,2300383.976618834,2300384.035025584,2300384.051634584
1,309,1.4853,5.7750,2300383.993283626,2300384.051707959,2300384.068301251
1,310,1.4031,4.6256,2300384.009950209,2300384.068353125,2300384.084967917
1,311,1.3349,4.9303,2300384.026616834,2300384.085033334,2300384.101634584
1,312,1.4537,5.4743,2300384.043285042,2300384.101699626,2300384.118301251
1,313,1.4603,5.4904,2300384.059949917,2300384.118371334,2300384.134967917
1,314,1.3401,4.5169,2300384.076616542,2300384.135020334,2300384.151634584
1,315,1.4762,4.7116,2300384.093285292,2300384.151696792,2300384.168301250
1,316,1.3852,4.7643,2300384.109951542,2300384.168348709,2300384.184967917
1,317,1.5023,3.6456,2300384.126616209,2300384.185035001,2300384.201634584
1,318,1.3218,5.8935,2300384.143285834,2300384.201707709,2300384.218301251
1,319,1.4881,5.1759,2300384.159952126,2300384.218375292,2300384.234967917
1,320,1.4316,4.2896,2300384.176616000,2300384.235025876,2300384.251634584
1,321,1.4550,5.4969,2300384.193285501,2300384.251690376,2300384.268301250
1,322,1.3948,4.3887,2300384.209949126,2300384.268352292,2300384.284967917
1,323,1.4060,5.9134,2300384.226618750,2300384.285015709,2300384.301634584
1,324,1.4860,5.5794,2300384.243282292,2300384.301705292,2300384.318301251
1,325,1.3872,4.7580,2300384.259948917,2300384.318352751,2300384.334967917
1,326,1.7755,3.4754,2300384.276616084,2300384.335020459,2300384.351634584
1,327,1.4375,5.0115,2300384.293282000,2300384.351695626,2300384.368301251
1,328,1.3897,3.4764,2300384.309952500,2300384.368345792,2300384.384967917
1,329,1.4876,5.0635,2300384.326617084,2300384.385026792,2300384.401634584
1,330,1.7303,5.0124,2300384.343283376,2300384.401687501,2300384.418301250
1,331,1.4257,5.0797,2300384.359950375,2300384.418361209,2300384.434967917
1,332,1.4862,3.7536,2300384.376617126,2300384.435046501,2300384.451634584
1,333,1.4059,4.6095,2300384.393285209,2300384.451690167,2300384.468301251
1,334,1.4153,3.7933,2300384.409951459,2300384.468370250,2300384.484967917
1,335,1.2490,5.2538,2300384.426616209,2300384.485023626,2300384.501634584
1,336,1.4810,5.2610,2300384.443284709,2300384.501699626,2300384.518301250
1,337,1.4744,4.2188,2300384.459950292,2300384.518362709,2300384.534967917
1,338,1.4704,4.0074,2300384.476617125,2300384.535031959,2300384.551634584
1,339,1.4052,4.7889,2300384.493282751,2300384.551689626,2300384.568301251
1,340,1.4486,4.3758,2300384.509947501,2300384.568354459,2300384.584967917
1,341,1.3693,3.3760,2300384.526616417,2300384.585026500,2300384.601634584
1,342,1.4472,5.7578,2300384.543282959,2300384.601701792,2300384.618301251
1,343,1.4630,6.7072,2300384.559949875,2300384.618367334,2300384.634967917
1,344,1.4556,5.8195,2300384.576613792,2300384.635028084,2300384.651634584
1,345,1.3725,7.0489,2300384.593283042,2300384.651698709,2300384.668301250
1,346,1.4084,5.5120,2300384.609946959,2300384.668368292,2300384.684967917
1,347,1.4760,5.4870,2300384.626613501,2300384.685033584,2300384.701634584
1,348,1.5509,5.0064,2300384.643280084,2300384.701700001,2300384.718301251
1,349,1.4268,4.8255,2300384.659949501,2300384.718375959,2300384.734967917
1,350,1.4892,4.8051,2300384.676614792,2300384.735039292,2300384.751634584
1,351,1.4493,4.7264,2300384.693282126,2300384.751695042,2300384.768301250
1,352,1.4965,4.8113,2300384.709946459,2300384.768373042,2300384.784967917
1,353,1.5033,4.7049,2300384.726614084,2300384.785040751,2300384.801634584
1,354,1.4815,4.8857,2300384.743281042,2300384.801706084,2300384.818301251
1,355,1.4686,4.8862,2300384.759948500,2300384.818368042,2300384.834967917
1,356,1.4759,4.8834,2300384.776614709,2300384.835028709,2300384.851634584
1,357,1.3753,4.6963,2300384.793279334,2300384.851696250,2300384.868301251
1,358,1.4743,4.6595,2300384.809947459,2300384.868371792,2300384.884967917
1,359,1.2197,6.0905,2300384.826613834,2300384.885028167,2300384.901634584
1,360,1.5521,4.4066,2300384.843279042,2300384.901697542,2300384.918301250
1,361,1.5056,4.2726,2300384.859947876,2300384.918367167,2300384.934967917
1,362,1.4806,4.2860,2300384.876613792,2300384.935031459,2300384.951634584
1,363,1.4013,4.2324,2300384.893280625,2300384.951694542,2300384.968301251
1,364,1.4313,4.2831,2300384.909945417,2300384.968368667,2300384.984967917
1,365,1.4043,2.9954,2300384.926614334,2300384.985028375,2300385.001634584
1,366,1.4384,4.4994,2300384.943278500,2300385.001693001,2300385.018301250
1,367,1.4293,5.3520,2300384.959947500,2300385.018362876,2300385.034967917
1,368,1.4230,5.2025,2300384.976612376,2300385.035028792,2300385.051634584
1,369,1.3016,4.7581,2300384.993278209,2300385.051682417,2300385.068301251
1,370,1.4467,6.2768,2300385.009944834,2300385.068374209,2300385.084967917
1,371,1.3345,4.1821,2300385.026611334,2300385.085020625,2300385.101634584
1,372,1.4605,5.4815,2300385.043280917,2300385.101691209,2300385.118301251
1,373,1.3999,5.7121,2300385.059949250,2300385.118368750,2300385.134967917
1,374,1.4184,5.0939,2300385.076612500,2300385.135022459,2300385.151634584
1,375,1.3698,3.7734,2300385.093279042,2300385.151685084,2300385.168301250
1,376,1.3589,5.1247,2300385.109946501,2300385.168351584,2300385.184967917
1,377,1.4284,3.7995,2300385.126610792,2300385.185030126,2300385.201634584
1,378,1.4263,5.4729,2300385.143281125,2300385.201696292,2300385.218301251
1,379,1.4317,5.4018,2300385.159945959,2300385.218365167,2300385.234967917
1,380,1.3707,5.1020,2300385.176611334,2300385.235034584,2300385.251634584
1,381,1.3930,3.5246,2300385.193280626,2300385.251678834,2300385.268301250
1,382,1.6830,4.9902,2300385.209947209,2300385.268352625,2300385.284967917
1,383,1.3915,3.5231,2300385.226613042,2300385.285037376,2300385.301634584
1,384,1.5025,5.1931,2300385.243279750,2300385.301714042,2300385.318301251
1,385,1.4830,4.8569,2300385.259947167,2300385.318360334,2300385.334967917
1,386,1.4737,5.1075,2300385.276612625,2300385.335027084,2300385.351634584
1,387,1.2962,3.7220,2300385.293279667,2300385.351694459,2300385.368301251
1,388,1.4223,5.0739,2300385.309945667,2300385.368357709,2300385.384967917
1,389,1.4621,2.4452,2300385.326610500,2300385.385032917,2300385.401634584
1,390,1.4490,4.1261,2300385.343279459,2300385.401687834,2300385.418301250
1,391,1.4755,5.0250,2300385.359942917,2300385.418359001,2300385.434967917
1,392,1.8122,4.8113,2300385.376611501,2300385.435028792,2300385.451634584
1,393,1.5722,3.6908,2300385.393277459,2300385.451705084,2300385.468301251
1,394,1.4590,3.8108,2300385.409944917,2300385.468370875,2300385.484967917
1,395,1.4816,3.6700,2300385.426611584,2300385.485030375,2300385.501634584
1,396,1.3580,3.9589,2300385.443277667,2300385.501672584,2300385.518301250
1,397,1.4917,3.9230,2300385.459945376,2300385.518370334,2300385.534967917
1,398,1.4410,3.7531,2300385.476610584,2300385.535046751,2300385.551634584
1,399,1.4286,3.6405,2300385.493275500,2300385.551674459,2300385.568301251
1,400,1.3960,3.7237,2300385.509942167,2300385.568344834,2300385.584967917
1,401,1.4989,3.9180,2300385.526610625,2300385.585037834,2300385.601634584
1,402,1.8875,3.9321,2300385.543277292,2300385.601692459,2300385.618301251
1,403,1.6747,4.5811,2300385.559945209,2300385.618393792,2300385.634967917
1,404,1.5276,4.5997,2300385.576610542,2300385.635033750,2300385.651634584
1,405,1.5380,4.7268,2300385.593276792,2300385.651695417,2300385.668301250
1,406,1.4162,4.8218,2300385.609941542,2300385.668360751,2300385.684967917
1,407,1.2813,5.6269,2300385.626609292,2300385.685031667,2300385.701634584
1,408,1.4733,6.5004,2300385.643275542,2300385.701694001,2300385.718301251
1,409,1.5782,5.1872,2300385.659941292,2300385.718369334,2300385.734967917
1,410,1.4583,4.8869,2300385.676607834,2300385.735034876,2300385.751634584
1,411,1.4566,4.7458,2300385.693274459,2300385.751703709,2300385.768301250
1,412,1.4108,4.5106,2300385.709941042,2300385.768378667,2300385.784967917
1,413,1.5527,3.3504,2300385.726607625,2300385.785039376,2300385.801634584
1,414,1.4543,4.3152,2300385.743275667,2300385.801695584,2300385.818301251
1,415,1.5393,4.5174,2300385.759943959,2300385.818374459,2300385.834967917
1,416,1.5402,4.6378,2300385.776609500,2300385.835041417,2300385.851634584
1,417,1.4533,4.6482,2300385.793276626,2300385.851701667,2300385.868301251
1,418,1.8942,4.7897,2300385.809943042,2300385.868396625,2300385.884967917
1,419,1.5202,4.6088,2300385.826607001,2300385.885030375,2300385.901634584
1,420,1.4736,4.9004,2300385.843275500,2300385.901703709,2300385.918301250
1,421,1.4793,5.5020,2300385.859943375,2300385.918369626,2300385.934967917
1,422,1.3619,5.6452,2300385.876608876,2300385.935015292,2300385.951634584
1,423,1.4610,5.0613,2300385.893273417,2300385.951687084,2300385.968301251
1,424,1.4314,4.8756,2300385.909944125,2300385.968355834,2300385.984967917
1,425,1.5211,5.2829,2300385.926607542,2300385.985027126,2300386.001634584
1,426,1.8060,5.6816,2300385.943275584,2300386.001697334,2300386.018301250
1,427,1.5962,5.2595,2300385.959939667,2300386.018367000,2300386.034967917
1,428,1.4279,4.5283,2300385.976606250,2300386.035020500,2300386.051634584
1,429,1.5424,5.4856,2300385.993274209,2300386.051686375,2300386.068301251
1,430,1.4435,4.4509,2300386.009941501,2300386.068349667,2300386.084967917
1,431,1.3173,5.8603,2300386.026605959,2300386.085036834,2300386.101634584
1,432,1.5077,5.1896,2300386.043272542,2300386.101687834,2300386.118301251
1,433,1.5230,4.8746,2300386.059939126,2300386.118355542,2300386.134967917
1,434,1.4307,3.4424,2300386.076606834,2300386.135014834,2300386.151634584
1,435,1.3933,4.9786,2300386.093272334,2300386.151688667,2300386.168301250
1,436,1.4228,3.5459,2300386.109940834,2300386.168347167,2300386.184967917
1,437,1.4196,3.8880,2300386.126608125,2300386.185018750,2300386.201634584
1,438,1.7134,5.1901,2300386.143272000,2300386.201689792,2300386.218301251
1,439,1.4891,5.1560,2300386.159941834,2300386.218356459,2300386.234967917
1,440,1.4547,3.5310,2300386.176607626,2300386.235015709,2300386.251634584
1,441,1.5096,4.7695,2300386.193275042,2300386.251685625,2300386.268301250
1,442,1.4284,3.7310,2300386.209942625,2300386.268360459,2300386.284967917
1,443,1.4586,4.8032,2300386.226604876,2300386.285017501,2300386.301634584
1,444,1.4261,5.2125,2300386.243271417,2300386.301689500,2300386.318301251
1,445,1.4604,5.1461,2300386.259940959,2300386.318371125,2300386.334967917
1,446,1.3192,3.8169,2300386.276607209,2300386.335024375,2300386.351634584
1,447,1.3529,4.0496,2300386.293274750,2300386.351678584,2300386.368301251
1,448,1.4595,4.0923,2300386.309941292,2300386.368364292,2300386.384967917
1,449,1.3660,4.7334,2300386.326606209,2300386.385036459,2300386.401634584
1,450,1.4468,5.5180,2300386.343273500,2300386.401692209,2300386.418301250
1,451,1.4620,5.2010,2300386.359939501,2300386.418358667,2300386.434967917
1,452,1.4097,5.5515,2300386.376604542,2300386.435025917,2300386.451634584
1,453,1.4305,7.3600,2300386.393270626,2300386.451678584,2300386.468301251
1,454,1.3841,6.2521,2300386.409937209,2300386.468344500,2300386.484967917
1,455,1.2662,8.0186,2300386.426603834,2300386.485014417,2300386.501634584
1,456,1.4523,6.3361,2300386.443270334,2300386.501705167,2300386.518301250
1,457,1.4161,5.5015,2300386.459940501,2300386.518361376,2300386.534967917
1,458,1.3674,5.1840,2300386.476605000,2300386.535028459,2300386.551634584
1,459,1.3113,5.1336,2300386.493272251,2300386.551684251,2300386.568301251
1,460,1.3775,4.9215,2300386.509936750,2300386.568364334,2300386.584967917
1,461,1.3401,3.4756,2300386.526606459,2300386.585016167,2300386.601634584
1,462,1.4252,4.9823,2300386.543272376,2300386.601713417,2300386.618301251
1,463,1.4337,5.0246,2300386.559938375,2300386.618357917,2300386.634967917
1,464,1.4267,4.8791,2300386.576602959,2300386.635028667,2300386.651634584
1,465,1.3627,4.8926,2300386.593269584,2300386.651681917,2300386.668301250
1,466,1.4173,4.8547,2300386.609939001,2300386.668356417,2300386.684967917
1,467,1.3505,4.6795,2300386.626602709,2300386.685017751,2300386.701634584
1,468,1.4157,4.8088,2300386.643270626,2300386.701693292,2300386.718301251
1,469,1.4158,4.5513,2300386.659937875,2300386.718366500,2300386.734967917
1,470,1.3942,4.7199,2300386.676602417,2300386.735026167,2300386.751634584
1,471,1.3838,4.8149,2300386.693270251,2300386.751689751,2300386.768301250
1,472,1.4650,5.1103,2300386.709935626,2300386.768370292,2300386.784967917
1,473,1.3658,5.5375,2300386.726603959,2300386.784999209,2300386.801601959
1,474,1.4728,6.0715,2300386.743268751,2300386.801656292,2300386.818268626
1,475,1.4617,5.9363,2300386.759935292,2300386.818340959,2300386.834935292
1,476,1.4941,5.1699,2300386.776604417,2300386.834993459,2300386.851601959
1,477,1.3487,4.2249,2300386.793270126,2300386.851657542,2300386.868268625
1,478,1.4030,4.2605,2300386.809937250,2300386.868334209,2300386.884935292
1,479,1.2092,4.1603,2300386.826602500,2300386.884990959,2300386.901601959
1,480,1.3980,4.3169,2300386.843270834,2300386.901672834,2300386.918268626
1,481,1.3970,4.8045,2300386.859934917,2300386.918333417,2300386.934935292
1,482,1.4222,5.0777,2300386.876601334,2300386.934991292,2300386.951601959
1,483,1.2971,4.2060,2300386.893267959,2300386.951664626,2300386.968268625
1,484,1.4305,4.7004,2300386.909937542,2300386.968316792,2300386.984935292
1,485,1.4130,3.3760,2300386.926601917,2300386.984990292,2300387.001601959
1,486,1.4482,5.4366,2300386.943267667,2300387.001673584,2300387.018268626
1,487,1.4709,6.2426,2300386.959936667,2300387.018325209,2300387.034935292
1,488,1.3777,5.3608,2300386.976600792,2300387.034998167,2300387.051601959
1,489,1.7972,4.2511,2300386.993268959,2300387.051658709,2300387.068268626
1,490,1.3600,5.6320,2300387.009936584,2300387.068335792,2300387.084935292
1,491,1.5270,4.1379,2300387.026600542,2300387.085019459,2300387.101601959
1,492,1.6535,5.6419,2300387.043269792,2300387.101660584,2300387.118268625
1,493,1.5528,5.9981,2300387.059935792,2300387.118340792,2300387.134935292
1,494,1.4003,5.1523,2300387.076601501,2300387.134992001,2300387.151601959
1,495,1.3165,3.6458,2300387.093268792,2300387.151661125,2300387.168268626
1,496,1.3321,5.0572,2300387.109935876,2300387.168323667,2300387.184935292
1,497,1.3244,3.5879,2300387.126602334,2300387.184998501,2300387.201601959
1,498,1.3925,5.0544,2300387.143271334,2300387.201667001,2300387.218268625
1,499,1.3313,4.9826,2300387.159935834,2300387.218314209,2300387.234935292
1,500,1.2751,4.9933,2300387.176599709,2300387.234999834,2300387.251601959
1,501,1.2870,3.7478,2300387.193268125,2300387.251659084,2300387.268268626
1,502,1.4112,4.1632,2300387.209932959,2300387.268335042,2300387.284935292
1,503,1.1545,3.7667,2300387.226601501,2300387.284988959,2300387.301601959
1,504,1.3655,3.8891,2300387.243268375,2300387.301662875,2300387.318268626
1,505,1.9455,3.9881,2300387.259932584,2300387.318331667,2300387.334935292
1,506,1.4385,4.0370,2300387.276600875,2300387.335006751,2300387.351601959
1,507,1.3152,3.8902,2300387.293265709,2300387.351677501,2300387.368268625
1,508,1.3429,3.9617,2300387.309935001,2300387.368328084,2300387.384935292
1,509,1.4192,3.0273,2300387.326600167,2300387.385002292,2300387.401601959
1,510,1.2776,4.3348,2300387.343267250,2300387.401678542,2300387.418268626
1,511,1.3760,4.9557,2300387.359933917,2300387.418333417,2300387.434935292
1,512,1.4051,5.5424,2300387.376599167,2300387.434997792,2300387.451601959
1,513,1.3788,5.6253,2300387.393267042,2300387.451677959,2300387.468268625
1,514,1.3080,7.0925,2300387.409936125,2300387.468323500,2300387.484935292
1,515,1.3728,5.8039,2300387.426601251,2300387.485001709,2300387.501601959
1,516,1.2820,6.1169,2300387.443268917,2300387.501665626,2300387.518268626
1,517,1.3448,6.0142,2300387.459934126,2300387.518331750,2300387.534935292
1,518,1.4057,5.8149,2300387.476600251,2300387.534999500,2300387.551601959
1,519,1.4270,5.3115,2300387.493266250,2300387.551663001,2300387.568268626
1,520,1.2988,5.2550,2300387.509932542,2300387.568316001,2300387.584935292
1,521,1.5083,5.5080,2300387.526599542,2300387.584994376,2300387.601601959
1,522,1.3865,5.5599,2300387.543266626,2300387.601659292,2300387.618268625
1,523,1.4722,4.9715,2300387.559931001,2300387.618335126,2300387.634935292
1,524,1.4287,4.4685,2300387.576597584,2300387.635006584,2300387.651601959
1,525,1.3672,4.3238,2300387.593266709,2300387.651667626,2300387.668268626
1,526,1.3371,4.1730,2300387.609932626,2300387.668321042,2300387.684935292
1,527,1.2561,4.3653,2300387.626598709,2300387.685017292,2300387.701601959
1,528,1.4255,4.2164,2300387.643263876,2300387.701665584,2300387.718268625
1,529,1.7440,4.2337,2300387.659932042,2300387.718345292,2300387.734935292
1,530,1.5098,4.3034,2300387.676597750,2300387.735003042,2300387.751601959
1,531,1.4639,4.6732,2300387.693263584,2300387.751667542,2300387.768268626
1,532,1.4241,4.2480,2300387.709932584,2300387.768325084,2300387.784935292
1,533,1.4456,3.6162,2300387.726598084,2300387.785005959,2300387.801601959
1,534,1.4787,5.5979,2300387.743264875,2300387.801671292,2300387.818268626
1,535,1.6541,5.1058,2300387.759929917,2300387.818333334,2300387.834935292
1,536,1.5205,4.8249,2300387.776597834,2300387.834996792,2300387.851601959
1,537,1.4756,5.2497,2300387.793263042,2300387.851665834,2300387.868268625
1,538,1.4066,5.1991,2300387.809932375,2300387.868322667,2300387.884935292
1,539,1.6458,6.3204,2300387.826597584,2300387.885009209,2300387.901601959
1,540,1.5791,5.6683,2300387.843262709,2300387.901683334,2300387.918268626
1,541,1.4585,5.3372,2300387.859931292,2300387.918337417,2300387.934935292
1,542,1.3706,4.1719,2300387.876598042,2300387.934992501,2300387.951601959
1,543,1.4451,5.2500,2300387.893264209,2300387.951666626,2300387.968268625
1,544,1.3610,4.1558,2300387.909929126,2300387.968330501,2300387.984935292
1,545,1.4092,5.3622,2300387.926595667,2300387.984990376,2300388.001601959
1,546,1.4549,5.8012,2300387.943263917,2300388.001658792,2300388.018268626
1,547,1.4415,5.1774,2300387.959931292,2300388.018331459,2300388.034935292
1,548,1.4446,3.8054,2300387.976595376,2300388.034994251,2300388.051601959
1,549,1.4662,5.3685,2300387.993263500,2300388.051654584,2300388.068268626
1,550,1.4210,3.8116,2300388.009931667,2300388.068327209,2300388.084935292
1,551,1.2630,5.2725,2300388.026595125,2300388.084994875,2300388.101601959
1,552,1.4909,5.5805,2300388.043263084,2300388.101656834,2300388.118268625
1,553,1.4399,5.3720,2300388.059930834,2300388.118325417,2300388.134935292
1,554,1.8736,3.5291,2300388.076596792,2300388.135002084,2300388.151601959
1,555,1.5430,4.9356,2300388.093263459,2300388.151666751,2300388.168268626
1,556,1.4403,3.8006,2300388.109928626,2300388.168327917,2300388.184935292
1,557,1.5263,3.4128,2300388.126597209,2300388.184994834,2300388.201601959
1,558,1.5545,4.8851,2300388.143263417,2300388.201661667,2300388.218268625
1,559,1.5278,5.0820,2300388.159930625,2300388.218321417,2300388.234935292
1,560,1.4951,3.8552,2300388.176594792,2300388.235011667,2300388.251601959
1,561,1.4208,4.0163,2300388.193262959,2300388.251659792,2300388.268268626
1,562,1.4825,4.0196,2300388.209927417,2300388.268324542,2300388.284935292
1,563,1.4205,4.2014,2300388.226594001,2300388.284979209,2300388.301601959
1,564,1.5341,4.8544,2300388.243260584,2300388.301681376,2300388.318268626
1,565,1.3428,4.8872,2300388.259929792,2300388.318338959,2300388.334935292
1,566,1.4183,4.8067,2300388.276593750,2300388.335011667,2300388.351601959
1,567,1.3351,6.1588,2300388.293263167,2300388.351658792,2300388.368268625
1,568,1.3366,5.8079,2300388.309929376,2300388.368327750,2300388.384935292
1,569,1.3299,8.8235,2300388.326596959,2300388.384993792,2300388.401601959
1,570,1.3873,8.1461,2300388.343263376,2300388.401676834,2300388.418268626
1,571,1.3843,5.2158,2300388.359929042,2300388.418332209,2300388.434935292
1,572,1.3864,3.7291,2300388.376594959,2300388.435004417,2300388.451601959
1,573,1.3745,3.6085,2300388.393263375,2300388.451654417,2300388.468268625
1,574,1.3984,3.7668,2300388.409929042,2300388.468331626,2300388.484935292
1,575,1.1514,3.5484,2300388.426595334,2300388.484994626,2300388.501601959
1,576,1.3848,3.7734,2300388.443261500,2300388.501669167,2300388.518268626
1,577,1.3734,3.7387,2300388.459926042,2300388.518332250,2300388.534935292
1,578,1.4435,3.7387,2300388.476596334,2300388.535006251,2300388.551601959
1,579,1.3375,3.5847,2300388.493260875,2300388.551669626,2300388.568268626
1,580,1.3363,3.7731,2300388.509928167,2300388.568331042,2300388.584935292
1,581,1.4211,2.4474,2300388.526594584,2300388.584991167,2300388.601601959
1,582,1.4183,3.7637,2300388.543261417,2300388.601669334,2300388.618268625
1,583,1.4614,3.7607,2300388.559928250,2300388.618331167,2300388.634935292
1,584,1.4019,3.7637,2300388.576595126,2300388.635003167,2300388.651601959
1,585,1.3703,3.5417,2300388.593258751,2300388.651657834,2300388.668268626
1,586,1.4785,3.7650,2300388.609927917,2300388.668335375,2300388.684935292
1,587,1.3765,3.5836,2300388.626593834,2300388.684997459,2300388.701601959
1,588,1.4568,3.5074,2300388.643259625,2300388.701670709,2300388.718268625
1,589,1.3903,3.5782,2300388.659926959,2300388.718349250,2300388.734935292
1,590,1.4115,3.6218,2300388.676592500,2300388.735010667,2300388.751601959
1,591,1.3075,3.4995,2300388.693258959,2300388.751657209,2300388.768268626
1,592,1.3860,3.5948,2300388.709927125,2300388.768330376,2300388.784935292
1,593,1.3520,3.7504,2300388.726593084,2300388.785002375,2300388.801601959
1,594,1.4798,3.8085,2300388.743260292,2300388.801671626,2300388.818268626
1,595,1.4232,4.5101,2300388.759927334,2300388.818332334,2300388.834935292
1,596,1.4817,4.6052,2300388.776592834,2300388.835002084,2300388.851601959
1,597,1.3127,4.5197,2300388.793259959,2300388.851673042,2300388.868268625
1,598,1.4031,6.3955,2300388.809926375,2300388.868358917,2300388.884935292
1,599,1.0825,4.3744,2300388.826592709,2300388.884993917,2300388.901601959
1,600,1.3951,5.6493,2300388.843257251,2300388.901684584,2300388.918268626
1,601,1.4063,5.9438,2300388.859926334,2300388.918332876,2300388.934935292
1,602,1.3846,5.4838,2300388.876592292,2300388.934996584,2300388.951601959
1,603,1.3203,3.8588,2300388.893259584,2300388.951663834,2300388.968268625
1,604,1.4159,5.5177,2300388.909925500,2300388.968329292,2300388.984935292
1,605,1.3445,2.4920,2300388.926591751,2300388.984974251,2300389.001601959
1,606,1.4653,5.3817,2300388.943258459,2300389.001670125,2300389.018268626
1,607,1.4435,5.1059,2300388.959925167,2300389.018328209,2300389.034935292
1,608,1.8117,5.1747,2300388.976591584,2300389.034994084,2300389.051601959
1,609,1.5175,3.5384,2300388.993256542,2300389.051663959,2300389.068268626
1,610,1.4823,4.8705,2300389.009924792,2300389.068336334,2300389.084935292
1,611,1.4600,3.5232,2300389.026589667,2300389.085001167,2300389.101601959
1,612,1.3902,5.1805,2300389.043258876,2300389.101659751,2300389.118268625
1,613,1.7924,5.1137,2300389.059925376,2300389.118330167,2300389.134935292
1,614,1.5613,5.3328,2300389.076589459,2300389.135002792,2300389.151601959
1,615,1.5195,3.7227,2300389.093257084,2300389.151662625,2300389.168268626
1,616,1.4567,5.3120,2300389.109925959,2300389.168326376,2300389.184935292
1,617,1.5115,4.0303,2300389.126590959,2300389.184994751,2300389.201601959
1,618,1.5561,6.0710,2300389.143258042,2300389.201666126,2300389.218268625
1,619,1.4650,6.1605,2300389.159924917,2300389.218330709,2300389.234935292
1,620,1.5363,6.6965,2300389.176590500,2300389.235012751,2300389.251601959
1,621,1.4894,5.5697,2300389.193255417,2300389.251662876,2300389.268268626
1,622,1.8219,7.4331,2300389.209925834,2300389.268332250,2300389.284935292
1,623,1.3571,6.4603,2300389.226588751,2300389.285012917,2300389.301601959
1,624,1.4713,9.5431,2300389.243257459,2300389.301672875,2300389.318268626
1,625,1.5927,6.6604,2300389.259924667,2300389.318348417,2300389.334935292
1,626,1.5201,4.9161,2300389.276590751,2300389.335003376,2300389.351601959
1,627,1.5290,4.4294,2300389.293256292,2300389.351663834,2300389.368268625
1,628,1.4185,4.2442,2300389.309921459,2300389.368328667,2300389.384935292
1,629,1.4615,2.8143,2300389.326590042,2300389.384997625,2300389.401601959
1,630,1.4862,3.7357,2300389.343258542,2300389.401657584,2300389.418268626
1,631,1.4735,4.0114,2300389.359922876,2300389.418330084,2300389.434935292
1,632,1.4498,4.0145,2300389.376589459,2300389.435013167,2300389.451601959
1,633,1.4487,3.7408,2300389.393259917,2300389.451664250,2300389.468268625
1,634,1.4248,3.5059,2300389.409923667,2300389.468321834,2300389.484935292
1,635,1.4720,3.7026,2300389.426587501,2300389.485003209,2300389.501601959
1,636,1.4317,3.4419,2300389.443257250,2300389.501652751,2300389.518268626
1,637,1.4564,3.7647,2300389.459921834,2300389.518321834,2300389.534935292
1,638,1.5227,3.8176,2300389.476589709,2300389.535011417,2300389.551601959
1,639,1.4829,3.8063,2300389.493258042,2300389.551672501,2300389.568268626
2,32,4.4005,3.2388,2300390.109920834,2300390.168325875,2300390.184935292
2,33,2.1364,5.2057,2300390.126585917,2300390.184998625,2300390.201601959
2,34,1.8965,4.4860,2300390.143253251,2300390.201669084,2300390.218268625
2,35,2.0623,5.4810,2300390.159921001,2300390.218341834,2300390.234935292
2,36,4.3027,4.1700,2300390.176583375,2300390.234993001,2300390.251601959
2,37,2.4973,6.3274,2300390.193252667,2300390.251660792,2300390.268268626
2,38,2.1085,4.3003,2300390.209919584,2300390.268319875,2300390.284935292
2,39,1.9787,8.0487,2300390.226585667,2300390.284997459,2300390.301601959
2,40,4.3837,5.8025,2300390.243249709,2300390.301667334,2300390.318268626
2,41,2.0816,6.0715,2300390.259919250,2300390.318330834,2300390.334935292
2,42,1.8095,3.8425,2300390.276582875,2300390.334999750,2300390.351601959
2,43,2.0392,4.8538,2300390.293252584,2300390.351643959,2300390.368268625
2,44,4.5579,4.8914,2300390.309919417,2300390.368331626,2300390.384935292
2,45,1.8791,5.3569,2300390.326585167,2300390.384988209,2300390.401601959
2,46,2.1461,5.8025,2300390.343251667,2300390.401667334,2300390.418268626
2,47,2.1392,5.4181,2300390.359915709,2300390.418336376,2300390.434935292
2,48,4.5588,4.5045,2300390.376585834,2300390.435002667,2300390.451601959
2,49,1.9736,4.8320,2300390.393251792,2300390.451657126,2300390.468268625
2,50,1.9918,4.0397,2300390.409917917,2300390.468336375,2300390.484935292
2,51,2.0243,5.3090,2300390.426585167,2300390.484995292,2300390.501601959
2,52,4.3822,5.4908,2300390.443251167,2300390.501665917,2300390.518268626
2,53,2.0705,4.5980,2300390.459918667,2300390.518337417,2300390.534935292
2,54,1.8632,3.5752,2300390.476584917,2300390.535002542,2300390.551601959
2,55,1.9300,3.9880,2300390.493249792,2300390.551670084,2300390.568268626
2,56,4.1369,3.9728,2300390.509916625,2300390.568338125,2300390.584935292
2,57,2.0129,3.7082,2300390.526583167,2300390.584991834,2300390.601601959
2,58,1.9776,3.0799,2300390.543249417,2300390.601671501,2300390.618268625
2,59,2.0223,3.8907,2300390.559916500,2300390.618323959,2300390.634935292
2,60,4.5539,3.9972,2300390.576582375,2300390.635014334,2300390.651601959
2,61,2.1466,3.6545,2300390.593249459,2300390.651653125,2300390.668268626
2,62,1.9986,3.3712,2300390.609915959,2300390.668338459,2300390.684935292
2,63,2.0662,3.0985,2300390.626580917,2300390.684991167,2300390.701601959
2,64,4.5935,3.9394,2300390.643247501,2300390.701674709,2300390.718268625
2,65,2.2693,3.1129,2300390.659914084,2300390.718353209,2300390.734935292
2,66,2.0208,3.2896,2300390.676580667,2300390.735002334,2300390.751601959
2,67,1.8278,3.8945,2300390.693247167,2300390.751659292,2300390.768268626
2,68,4.4808,4.2805,2300390.709916042,2300390.768331001,2300390.784935292
2,69,1.9462,4.5301,2300390.726581209,2300390.785012834,2300390.801601959
2,70,1.9127,4.0777,2300390.743247875,2300390.801667251,2300390.818268626
2,71,2.0841,4.6385,2300390.759915167,2300390.818339334,2300390.834935292
2,72,4.4258,4.7030,2300390.776581417,2300390.835004251,2300390.851601959
2,73,2.0286,4.5914,2300390.793248876,2300390.851651709,2300390.868268625
2,74,1.9733,3.8928,2300390.809914709,2300390.868329376,2300390.884935292
2,75,1.9925,4.1531,2300390.826580542,2300390.884992542,2300390.901601959
2,76,4.9387,4.5639,2300390.843246417,2300390.901667292,2300390.918268626
2,77,2.4330,4.9978,2300390.859912959,2300390.918337001,2300390.934935292
2,78,2.2851,3.7025,2300390.876579584,2300390.935011292,2300390.951601959
2,79,2.0578,4.0779,2300390.893246125,2300390.951657625,2300390.968268625
2,80,4.5647,4.3813,2300390.909912709,2300390.968332751,2300390.984935292
2,81,2.0805,3.9126,2300390.926579292,2300390.984990584,2300391.001601959
2,82,2.0040,3.5022,2300390.943245876,2300391.001649792,2300391.018268626
2,83,2.1028,4.6728,2300390.959912417,2300391.018350292,2300391.034935292
2,84,4.2467,4.8888,2300390.976580625,2300391.034994292,2300391.051601959
2,85,2.0193,4.0009,2300390.993247667,2300391.051659292,2300391.068268626
2,86,1.9289,3.7429,2300391.009914417,2300391.068325834,2300391.084935292
2,87,1.9082,4.1991,2300391.026580709,2300391.085002126,2300391.101601959
2,88,4.3000,5.5407,2300391.043249250,2300391.101669375,2300391.118268625
2,89,2.0988,5.9011,2300391.059913834,2300391.118328375,2300391.134935292
2,90,1.9491,4.0100,2300391.076580459,2300391.135009084,2300391.151601959
2,91,1.9955,4.3666,2300391.093246250,2300391.151663250,2300391.168268626
2,92,4.4223,6.3100,2300391.109915250,2300391.168325542,2300391.184935292
2,93,2.0121,4.6978,2300391.126580084,2300391.184999250,2300391.201601959
2,94,1.7450,6.2088,2300391.143247584,2300391.201638167,2300391.218268625
2,95,2.1177,6.6798,2300391.159911334,2300391.218312584,2300391.234935292
2,96,4.1782,6.7815,2300391.176577917,2300391.234984750,2300391.251601959
2,97,1.9617,5.2536,2300391.193245500,2300391.251638834,2300391.268268626
2,98,1.8463,6.4669,2300391.209911126,2300391.268312500,2300391.284935292
2,99,1.9177,5.1031,2300391.226579417,2300391.284995542,2300391.301601959
2,100,4.2617,6.6591,2300391.243247125,2300391.301642001,2300391.318268626
2,101,2.3637,7.7623,2300391.259910751,2300391.318326834,2300391.334935292
2,102,1.8765,6.1439,2300391.276579375,2300391.334994126,2300391.351601959
2,103,2.1513,4.9309,2300391.293243917,2300391.351668001,2300391.368268625
2,104,4.2211,6.0382,2300391.309910500,2300391.368326834,2300391.384935292
2,105,2.0838,4.8222,2300391.326577042,2300391.384990709,2300391.401601959
2,106,1.7375,5.6107,2300391.343246000,2300391.401654542,2300391.418268626
2,107,2.0433,7.5095,2300391.359914459,2300391.418324626,2300391.434935292
2,108,4.4987,4.9404,2300391.376579167,2300391.434996875,2300391.451601959
2,109,2.3207,6.9430,2300391.393247000,2300391.451678542,2300391.468268625
2,110,1.8986,5.0547,2300391.409913376,2300391.468325542,2300391.484935292
2,111,2.0863,4.7609,2300391.426578834,2300391.484998500,2300391.501601959
2,112,4.0102,4.7838,2300391.443246042,2300391.501660167,2300391.518268626
2,113,2.0694,4.7805,2300391.459911751,2300391.518318750,2300391.534935292
2,114,2.0625,4.8817,2300391.476578292,2300391.534996334,2300391.551601959
2,115,2.1957,4.7741,2300391.493244126,2300391.551676126,2300391.568268626
2,116,4.1967,4.4413,2300391.509909376,2300391.568325542,2300391.584935292
2,117,2.0617,4.7062,2300391.526577709,2300391.584994834,2300391.601601959
2,118,1.6968,4.0967,2300391.543244542,2300391.601634709,2300391.618268625
2,119,2.1560,4.7258,2300391.559911334,2300391.618331459,2300391.634935292
2,120,4.3266,4.8673,2300391.576576917,2300391.634991376,2300391.651601959
2,121,2.2134,5.0921,2300391.593242250,2300391.651663084,2300391.668268626
2,122,1.8407,4.5237,2300391.609910042,2300391.668324834,2300391.684935292
2,123,2.1193,5.5509,2300391.626577292,2300391.685027251,2300391.701601959
2,124,4.5255,5.4590,2300391.643241959,2300391.701660084,2300391.718268625
2,125,2.1319,5.9834,2300391.659910709,2300391.718327417,2300391.734935292
2,126,1.6902,4.6555,2300391.676575167,2300391.734999876,2300391.751601959
2,127,2.1163,6.1352,2300391.693244501,2300391.751670334,2300391.768268626
2,128,4.2775,5.2707,2300391.709908292,2300391.768326250,2300391.784935292
2,129,2.1816,6.1128,2300391.726574875,2300391.784995875,2300391.801601959
2,130,2.0357,5.2170,2300391.743244126,2300391.801679500,2300391.818268626
2,131,2.1364,6.7834,2300391.759909709,2300391.818333625,2300391.834935292
2,132,3.9571,5.3451,2300391.776574667,2300391.835000084,2300391.851601959
2,133,2.1416,6.0981,2300391.793243917,2300391.851666125,2300391.868268625
2,134,1.8865,4.0902,2300391.809910209,2300391.868314750,2300391.884935292
2,135,2.0023,6.5414,2300391.826574375,2300391.884992876,2300391.901601959
2,136,4.8620,8.1558,2300391.843240917,2300391.901654709,2300391.918268626
2,137,2.3867,7.4354,2300391.859907584,2300391.918334584,2300391.934935292
2,138,1.9794,4.1589,2300391.876575167,2300391.934995667,2300391.951601959
2,139,1.9530,7.0166,2300391.893240626,2300391.951665251,2300391.968268625
2,140,4.4011,5.3688,2300391.909909792,2300391.968320334,2300391.984935292
2,141,2.3306,7.0789,2300391.926576167,2300391.984991459,2300392.001601959
2,142,2.1252,6.6466,2300391.943245001,2300392.001658625,2300392.018268626
2,143,2.1747,8.3442,2300391.959909167,2300392.018333792,2300392.034935292
2,144,4.1640,5.7181,2300391.976574292,2300392.034990459,2300392.051601959
2,145,2.2107,8.2316,2300391.993241709,2300392.051654042,2300392.068268626
2,146,1.8199,5.1647,2300392.009908959,2300392.068328459,2300392.084935292
2,147,2.0930,8.5973,2300392.026575542,2300392.084994501,2300392.101601959
2,148,4.7500,8.7447,2300392.043241500,2300392.101662750,2300392.118268625
2,149,2.0039,10.2915,2300392.059908709,2300392.118325542,2300392.134935292
2,150,1.9539,5.3857,2300392.076572917,2300392.135004209,2300392.151601959
2,151,1.9327,6.6653,2300392.093243334,2300392.151660625,2300392.168268626
2,152,4.1206,6.1299,2300392.109908001,2300392.168333751,2300392.184935292
2,153,2.0095,5.6585,2300392.126575959,2300392.184983626,2300392.201601959
2,154,1.8723,5.9739,2300392.143241209,2300392.201657667,2300392.218268625
2,155,1.8695,4.7844,2300392.159907917,2300392.218341000,2300392.234935292
2,156,3.9864,3.9099,2300392.176574251,2300392.234994000,2300392.251601959
2,157,1.7305,3.8696,2300392.193242375,2300392.251654959,2300392.268268626
2,158,1.8209,4.8999,2300392.209907875,2300392.268336501,2300392.284935292
2,159,1.8560,6.0547,2300392.226575376,2300392.284986167,2300392.301601959
2,160,4.3887,6.4521,2300392.243240001,2300392.301681042,2300392.318268626
2,161,2.1833,5.8430,2300392.259907042,2300392.318343625,2300392.334935292
2,162,1.8569,4.7570,2300392.276574042,2300392.334995917,2300392.351601959
2,163,1.8553,5.8348,2300392.293241459,2300392.351642334,2300392.368268625
2,164,4.3004,5.5950,2300392.309907334,2300392.368326417,2300392.384935292
2,165,1.9017,6.0289,2300392.326573750,2300392.384995459,2300392.401601959
2,166,1.8284,6.2691,2300392.343239709,2300392.401665084,2300392.418268626
2,167,2.0248,6.5437,2300392.359907209,2300392.418321625,2300392.434935292
2,168,4.5537,8.5168,2300392.376573084,2300392.435005626,2300392.451601959
2,169,2.2367,6.8499,2300392.393237875,2300392.451663084,2300392.468268625
2,170,1.8175,8.6330,2300392.409908292,2300392.468323959,2300392.484935292
2,171,2.0533,6.4723,2300392.426571084,2300392.484995334,2300392.501601959
2,172,3.9873,8.6502,2300392.443240959,2300392.501654875,2300392.518268626
2,173,2.0784,8.1185,2300392.459904167,2300392.518325959,2300392.534935292
2,174,1.9465,9.7583,2300392.476574000,2300392.534999834,2300392.551601959
2,175,1.9714,6.8422,2300392.493237375,2300392.551664584,2300392.568268626
2,176,4.2135,8.1730,2300392.509903917,2300392.568332500,2300392.584935292
2,177,2.0220,5.9971,2300392.526570584,2300392.584995750,2300392.601601959
2,178,1.6855,8.0085,2300392.543237084,2300392.601657000,2300392.618268625
2,179,1.9788,7.9027,2300392.559907001,2300392.618334251,2300392.634935292
2,180,4.8287,8.1006,2300392.576571876,2300392.635000584,2300392.651601959
2,181,2.1492,7.2785,2300392.593239792,2300392.651671917,2300392.668268626
2,182,1.7756,6.8706,2300392.609905750,2300392.668325084,2300392.684935292
2,183,1.9983,6.6155,2300392.626571459,2300392.684992542,2300392.701601959
2,184,4.0650,6.4867,2300392.643238375,2300392.701660709,2300392.718268625
2,185,1.9791,7.2381,2300392.659905417,2300392.718335875,2300392.734935292
2,186,1.7565,6.1760,2300392.676569626,2300392.735009084,2300392.751601959
2,187,1.9785,8.2070,2300392.693236250,2300392.751665417,2300392.768268626
2,188,4.0447,5.9405,2300392.709905126,2300392.768328042,2300392.784935292
2,189,1.9666,7.2668,2300392.726571959,2300392.785004917,2300392.801601959
2,190,1.6994,6.3283,2300392.743238500,2300392.801656875,2300392.818268626
2,191,2.0057,8.0020,2300392.759903959,2300392.818336251,2300392.834935292
2,192,4.2397,8.8249,2300392.776571334,2300392.835006251,2300392.851601959
2,193,2.2115,8.8144,2300392.793237667,2300392.851673000,2300392.868268625
2,194,1.7300,6.8392,2300392.809905209,2300392.868327417,2300392.884935292
2,195,1.9470,10.5536,2300392.826571209,2300392.884999751,2300392.901601959
2,196,4.6965,8.2231,2300392.843237042,2300392.901610209,2300392.918235209
2,197,2.2303,12.3340,2300392.859904417,2300392.918312834,2300392.934901875
2,198,1.9820,10.3248,2300392.876568584,2300392.934940542,2300392.951568542
2,199,2.0994,12.1000,2300392.893236584,2300392.951627376,2300392.968235209
2,200,4.0024,7.3603,2300392.909901750,2300392.968284584,2300392.984901876
2,201,2.0645,9.3375,2300392.926569209,2300392.984955584,2300393.001568542
2,202,2.0397,9.2756,2300392.943234875,2300393.001626292,2300393.018235209
2,203,2.0784,10.9942,2300392.959904584,2300393.018289626,2300393.034901876
2,204,4.4805,7.0619,2300392.976568042,2300393.034973834,2300393.051568542
2,205,2.2106,9.0380,2300392.993234626,2300393.051614625,2300393.068235209
2,206,1.7562,6.0491,2300393.009903334,2300393.068274792,2300393.084901875
2,207,2.0313,9.4848,2300393.026567751,2300393.084950292,2300393.101568542
2,208,4.4953,11.6958,2300393.043236875,2300393.101616084,2300393.118235209
2,209,2.2096,12.2665,2300393.059901167,2300393.118287834,2300393.134901876
2,210,2.1076,5.8215,2300393.076567500,2300393.134959417,2300393.151568542
2,211,2.1851,8.8926,2300393.093234084,2300393.151621917,2300393.168235209
2,212,4.3785,6.7629,2300393.109900667,2300393.168278042,2300393.184901875
2,213,2.3282,8.8107,2300393.126571876,2300393.184959042,2300393.201568542
2,214,2.0168,10.3100,2300393.143237334,2300393.201627917,2300393.218235209
2,215,2.2731,10.9484,2300393.159903459,2300393.218299334,2300393.234901876
2,216,4.4347,6.2549,2300393.176566959,2300393.234956251,2300393.251568542
2,217,2.1420,10.0452,2300393.193234459,2300393.251610667,2300393.268235209
2,218,1.9670,7.0447,2300393.209903250,2300393.268290001,2300393.284901876
2,219,2.0983,9.6152,2300393.226566625,2300393.284942209,2300393.301568542
2,220,4.4926,11.6987,2300393.243233209,2300393.301628876,2300393.318235209
2,221,2.1244,11.7868,2300393.259903376,2300393.318290000,2300393.334901875
2,222,2.0596,4.6515,2300393.276567292,2300393.334958584,2300393.351568542
2,223,1.9825,6.1092,2300393.293233001,2300393.351621542,2300393.368235209
2,224,4.3558,4.8996,2300393.309901459,2300393.368285584,2300393.384901876
2,225,2.5320,5.7830,2300393.326567750,2300393.384960959,2300393.401568542
2,226,2.2143,6.3787,2300393.343234376,2300393.401633292,2300393.418235209
2,227,2.2403,5.5051,2300393.359902959,2300393.418304917,2300393.434901875
2,228,4.6046,4.0640,2300393.376567417,2300393.434956500,2300393.451568542
2,229,2.0094,5.4320,2300393.393234459,2300393.451619209,2300393.468235209
2,230,1.9051,4.6157,2300393.409901042,2300393.468289292,2300393.484901876
2,231,2.0280,7.4773,2300393.426567250,2300393.484952417,2300393.501568542
2,232,4.7282,8.3256,2300393.443235959,2300393.501623959,2300393.518235209
2,233,2.2555,8.1884,2300393.459900917,2300393.518289834,2300393.534901876
2,234,1.9904,5.5110,2300393.476568167,2300393.534955042,2300393.551568542
2,235,1.8895,7.4021,2300393.493231875,2300393.551606126,2300393.568235209
2,236,4.3250,6.0252,2300393.509902834,2300393.568287209,2300393.584901875
2,237,2.0961,6.2442,2300393.526565000,2300393.584943334,2300393.601568542
2,238,2.1618,8.6914,2300393.543231584,2300393.601628126,2300393.618235209
2,239,2.1954,9.4390,2300393.559900667,2300393.618287792,2300393.634901876
2,240,4.6317,7.7000,2300393.576564792,2300393.634957042,2300393.651568542
2,241,2.1175,6.8387,2300393.593231292,2300393.651611084,2300393.668235209
2,242,1.9821,6.2600,2300393.609900417,2300393.668292584,2300393.684901875
2,243,2.2250,7.3049,2300393.626566750,2300393.684943459,2300393.701568542
2,244,4.5468,8.3322,2300393.643233167,2300393.701616709,2300393.718235209
2,245,2.1898,9.3963,2300393.659897667,2300393.718288750,2300393.734901876
2,246,2.0880,6.1595,2300393.676564167,2300393.734951542,2300393.751568542
2,247,1.9499,6.1066,2300393.693231501,2300393.751617375,2300393.768235209
2,248,4.6078,6.7316,2300393.709899792,2300393.768287959,2300393.784901876
2,249,1.9738,6.0900,2300393.726566917,2300393.784951292,2300393.801568542
2,250,1.9812,6.2053,2300393.743232959,2300393.801633334,2300393.818235209
2,251,2.0111,8.1230,2300393.759898584,2300393.818289917,2300393.834901875
2,252,4.5567,7.5970,2300393.776567042,2300393.834951459,2300393.851568542
2,253,1.9861,5.7317,2300393.793232292,2300393.851605875,2300393.868235209
2,254,1.9195,6.3463,2300393.809898167,2300393.868289751,2300393.884901876
2,255,1.9869,6.1900,2300393.826564375,2300393.884949667,2300393.901568542
2,256,4.3120,8.8910,2300393.843231875,2300393.901635501,2300393.918235209
2,257,2.1527,8.8289,2300393.859899250,2300393.918292417,2300393.934901875
2,258,1.8390,6.3960,2300393.876563042,2300393.934952667,2300393.951568542
2,259,1.9877,5.9312,2300393.893229626,2300393.951608709,2300393.968235209
2,260,4.4629,7.8852,2300393.909899917,2300393.968289501,2300393.984901876
2,261,1.8926,6.3581,2300393.926564542,2300393.984934376,2300394.001568542
2,262,1.9787,8.8272,2300393.943232334,2300394.001623625,2300394.018235209
2,263,2.2617,9.9294,2300393.959896001,2300394.018283667,2300394.034901876
2,264,4.6560,10.0984,2300393.976562500,2300394.034962334,2300394.051568542
2,265,2.2603,6.9974,2300393.993229126,2300394.051619792,2300394.068235209
2,266,1.9147,8.6062,2300394.009898000,2300394.068295084,2300394.084901875
2,267,1.9407,7.1490,2300394.026562251,2300394.084959209,2300394.101568542
2,268,4.6743,8.9242,2300394.043228875,2300394.101632584,2300394.118235209
2,269,2.2725,11.6203,2300394.059897709,2300394.118283667,2300394.134901876
2,270,2.0575,9.6269,2300394.076562000,2300394.134962709,2300394.151568542
2,271,1.9768,6.0445,2300394.093230001,2300394.151614417,2300394.168235209
2,272,4.2487,9.7163,2300394.109895084,2300394.168292209,2300394.184901875
2,273,1.9747,6.9933,2300394.126563834,2300394.184944542,2300394.201568542
2,274,1.9084,9.2498,2300394.143228251,2300394.201616542,2300394.218235209
2,275,2.2073,10.9286,2300394.159896959,2300394.218288542,2300394.234901876
2,276,4.2353,9.1520,2300394.176563959,2300394.234960209,2300394.251568542
2,277,2.1045,6.3621,2300394.193229625,2300394.251619542,2300394.268235209
2,278,1.8996,8.3404,2300394.209897459,2300394.268279709,2300394.284901876
2,279,1.9709,6.2113,2300394.226561209,2300394.284954834,2300394.301568542
2,280,3.8463,8.3008,2300394.243229625,2300394.301607209,2300394.318235209
2,281,2.0321,9.1036,2300394.259895209,2300394.318280334,2300394.334901875
2,282,1.9685,10.2887,2300394.276563501,2300394.334969375,2300394.351568542
2,283,2.0721,6.2483,2300394.293228792,2300394.351620459,2300394.368235209
2,284,4.1497,8.3289,2300394.309894042,2300394.368284792,2300394.384901876
2,285,2.0013,5.9676,2300394.326560584,2300394.384953959,2300394.401568542
2,286,1.9166,8.9509,2300394.343229792,2300394.401627375,2300394.418235209
2,287,1.8035,9.3425,2300394.359893750,2300394.418274376,2300394.434901875
2,288,4.2296,10.8945,2300394.376560334,2300394.434969625,2300394.451568542
2,289,1.8586,11.5498,2300394.393226875,2300394.451621001,2300394.468235209
2,290,1.6419,10.2414,2300394.409896626,2300394.468284084,2300394.484901876
2,291,1.9612,10.7382,2300394.426562001,2300394.484949584,2300394.501568542
2,292,3.9308,7.7123,2300394.443230209,2300394.501610750,2300394.518235209
2,293,1.9788,8.4202,2300394.459893209,2300394.518296375,2300394.534901876
2,294,1.8555,8.8205,2300394.476559751,2300394.534974417,2300394.551568542
2,295,1.9962,6.0261,2300394.493226375,2300394.551631292,2300394.568235209
2,296,4.1124,7.5562,2300394.509895917,2300394.568286209,2300394.584901875
2,297,2.1187,5.9058,2300394.526561459,2300394.584959084,2300394.601568542
2,298,1.8252,8.0336,2300394.543228250,2300394.601626834,2300394.618235209
2,299,1.9480,6.7319,2300394.559894750,2300394.618307667,2300394.634901876
2,300,4.3798,8.3426,2300394.576561792,2300394.634971959,2300394.651568542
2,301,2.0108,7.4980,2300394.593225792,2300394.651621959,2300394.668235209
2,302,1.6927,7.8745,2300394.609895584,2300394.668287334,2300394.684901875
2,303,2.1192,6.8313,2300394.626559000,2300394.684961042,2300394.701568542
2,304,4.1310,7.2020,2300394.643225500,2300394.701614542,2300394.718235209
2,305,2.4737,7.6402,2300394.659892126,2300394.718290917,2300394.734901876
2,306,2.1672,9.4204,2300394.676560751,2300394.734979459,2300394.751568542
2,307,2.1203,8.5696,2300394.693228500,2300394.751632250,2300394.768235209
2,308,4.4167,7.6683,2300394.709894292,2300394.768290709,2300394.784901876
2,309,2.2012,7.9888,2300394.726558417,2300394.784959042,2300394.801568542
2,310,1.7539,6.3350,2300394.743224917,2300394.801614042,2300394.818235209
2,311,2.1563,10.4633,2300394.759894209,2300394.818295209,2300394.834901875
2,312,4.4655,12.1390,2300394.776559542,2300394.834961792,2300394.851568542
2,313,2.1620,12.1948,2300394.793224709,2300394.851619334,2300394.868235209
2,314,1.8489,7.8855,2300394.809893751,2300394.868295084,2300394.884901876
2,315,2.0904,11.6080,2300394.826557876,2300394.884953001,2300394.901568542
2,316,4.3065,12.9638,2300394.843224417,2300394.901627000,2300394.918235209
2,317,2.1095,13.2608,2300394.859895250,2300394.918299834,2300394.934901875
2,318,1.8452,10.3395,2300394.876558542,2300394.934949584,2300394.951568542
2,319,2.0418,10.5923,2300394.893226709,2300394.951624875,2300394.968235209
2,320,4.3833,6.4268,2300394.909893375,2300394.968284417,2300394.984901876
2,321,2.3670,7.2247,2300394.926559500,2300394.984955542,2300395.001568542
2,322,2.1705,6.8715,2300394.943226417,2300395.001634584,2300395.018235209
2,323,2.2147,8.5638,2300394.959893209,2300395.018307000,2300395.034901876
2,324,4.3791,6.4692,2300394.976558334,2300395.034944500,2300395.051568542
2,325,2.2690,8.0032,2300394.993226042,2300395.051626709,2300395.068235209
2,326,1.8417,5.9273,2300395.009894542,2300395.068288209,2300395.084901875
2,327,2.1130,8.2793,2300395.026556792,2300395.084951167,2300395.101568542
2,328,4.4029,11.4972,2300395.043223292,2300395.101627542,2300395.118235209
2,329,2.1949,10.9745,2300395.059891917,2300395.118285500,2300395.134901876
2,330,1.8720,5.8019,2300395.076557667,2300395.134960167,2300395.151568542
2,331,1.9950,9.8452,2300395.093223042,2300395.151626917,2300395.168235209
2,332,4.1477,6.7877,2300395.109890667,2300395.168289042,2300395.184901875
2,333,2.1488,9.3441,2300395.126557334,2300395.184963417,2300395.201568542
2,334,2.0362,9.7524,2300395.143227542,2300395.201621084,2300395.218235209
2,335,2.0891,10.3870,2300395.159890667,2300395.218291542,2300395.234901876
2,336,4.1226,6.1271,2300395.176558042,2300395.234956084,2300395.251568542
2,337,2.0193,10.4792,2300395.193225417,2300395.251618417,2300395.268235209
2,338,1.8541,6.5942,2300395.209889084,2300395.268275626,2300395.284901876
2,339,2.0361,11.2837,2300395.226555625,2300395.284966334,2300395.301568542
2,340,4.6048,12.0156,2300395.243222209,2300395.301634709,2300395.318235209
2,341,2.1472,12.4707,2300395.259888792,2300395.318309750,2300395.334901875
2,342,1.9985,6.2949,2300395.276556417,2300395.334968084,2300395.351568542
2,343,1.9945,9.3521,2300395.293224625,2300395.351619792,2300395.368235209
2,344,4.2366,6.1884,2300395.309888501,2300395.368307000,2300395.384901876
2,345,2.2024,9.2331,2300395.326556751,2300395.384960292,2300395.401568542
2,346,1.7644,9.9671,2300395.343224584,2300395.401614959,2300395.418235209
2,347,1.9118,9.9376,2300395.359890417,2300395.418297500,2300395.434901875
2,348,4.1449,7.2039,2300395.376557126,2300395.434961751,2300395.451568542
2,349,1.9305,6.7305,2300395.393223376,2300395.451627334,2300395.468235209
2,350,1.8590,5.6518,2300395.409891917,2300395.468295375,2300395.484901876
2,351,1.9248,8.3609,2300395.426556667,2300395.484954292,2300395.501568542
2,352,4.3276,9.3886,2300395.443223625,2300395.501620459,2300395.518235209
2,353,1.9759,8.8065,2300395.459890751,2300395.518289459,2300395.534901876
2,354,1.9271,5.5681,2300395.476556459,2300395.534955001,2300395.551568542
2,355,1.9543,6.0377,2300395.493223417,2300395.551626334,2300395.568235209
2,356,4.2190,6.2026,2300395.509889084,2300395.568302000,2300395.584901875
2,357,1.8644,7.0249,2300395.526556292,2300395.584960209,2300395.601568542
2,358,1.9350,7.1221,2300395.543222667,2300395.601627750,2300395.618235209
2,359,2.0582,10.4711,2300395.559887751,2300395.618294792,2300395.634901876
2,360,4.4396,7.3865,2300395.576555792,2300395.634970625,2300395.651568542
2,361,1.9736,6.4571,2300395.593220334,2300395.651614167,2300395.668235209
2,362,1.8693,6.2609,2300395.609886875,2300395.668301084,2300395.684901875
2,363,1.9007,6.7544,2300395.626553501,2300395.684959417,2300395.701568542
2,364,4.4117,8.7394,2300395.643220042,2300395.701624792,2300395.718235209
2,365,2.0284,10.3252,2300395.659889167,2300395.718303917,2300395.734901876
2,366,2.0750,6.5187,2300395.676554917,2300395.734965959,2300395.751568542
2,367,2.0327,6.0926,2300395.693221834,2300395.751615250,2300395.768235209
2,368,4.8064,7.1863,2300395.709888751,2300395.768317084,2300395.784901876
2,369,2.2699,6.1194,2300395.726556292,2300395.784972376,2300395.801568542
2,370,2.1237,6.6262,2300395.743221917,2300395.801629459,2300395.818235209
2,371,2.1363,8.0707,2300395.759888626,2300395.818293042,2300395.834901875
2,372,4.6334,7.6529,2300395.776554750,2300395.834966792,2300395.851568542
2,373,2.0809,5.8095,2300395.793221334,2300395.851637084,2300395.868235209
2,374,1.9673,6.7540,2300395.809888750,2300395.868295167,2300395.884901876
2,375,2.0478,6.2604,2300395.826552376,2300395.884960250,2300395.901568542
2,376,4.6475,7.8100,2300395.843218959,2300395.901631167,2300395.918235209
2,377,2.1938,9.3785,2300395.859888000,2300395.918300084,2300395.934901875
2,378,1.9681,7.5329,2300395.876554167,2300395.934947542,2300395.951568542
2,379,2.0109,6.3072,2300395.893220917,2300395.951637459,2300395.968235209
2,380,4.3294,8.4863,2300395.909886792,2300395.968300126,2300395.984901876
2,381,2.1114,6.5508,2300395.926551792,2300395.984953709,2300396.001568542
2,382,2.0584,9.0350,2300395.943218376,2300396.001630834,2300396.018235209
2,383,2.1553,10.0823,2300395.959886375,2300396.018292125,2300396.034901876
2,384,4.5551,9.4336,2300395.976554209,2300396.034957459,2300396.051568542
2,385,2.1722,6.9626,2300395.993220167,2300396.051627459,2300396.068235209
2,386,1.9905,10.0420,2300396.009887584,2300396.068300126,2300396.084901875
2,387,2.2037,7.3186,2300396.026552876,2300396.084972542,2300396.101568542
2,388,4.7918,11.0505,2300396.043217876,2300396.101619084,2300396.118235209
2,389,2.2182,12.0623,2300396.059886292,2300396.118284584,2300396.134901876
2,390,2.1844,10.3660,2300396.076553459,2300396.134963042,2300396.151568542
2,391,2.0519,6.6670,2300396.093217542,2300396.151625126,2300396.168235209
2,392,4.4830,9.1736,2300396.109887209,2300396.168291500,2300396.184901875
2,393,2.4366,6.6966,2300396.126552251,2300396.184971667,2300396.201568542
2,394,1.9198,8.7179,2300396.143219084,2300396.201620667,2300396.218235209
2,395,2.1567,7.8393,2300396.159887084,2300396.218289000,2300396.234901876
2,396,4.5972,9.6312,2300396.176551667,2300396.234968001,2300396.251568542
2,397,2.1661,6.1025,2300396.193217542,2300396.251633375,2300396.268235209
2,398,1.8887,8.5004,2300396.209887001,2300396.268281667,2300396.284901876
2,399,2.0584,5.0471,2300396.226552042,2300396.284951375,2300396.301568542
2,400,4.5959,8.8345,2300396.243217917,2300396.301609209,2300396.318235209
2,401,2.1396,8.3875,2300396.259885084,2300396.318288209,2300396.334901875
2,402,1.9779,10.1537,2300396.276552625,2300396.334960042,2300396.351568542
2,403,2.0723,7.5032,2300396.293216417,2300396.351640875,2300396.368235209
2,404,4.3244,8.2793,2300396.309883000,2300396.368285500,2300396.384901876
2,405,2.2057,7.3933,2300396.326549584,2300396.384971042,2300396.401568542
2,406,1.8367,9.5965,2300396.343218626,2300396.401627042,2300396.418235209
2,407,2.0882,12.0946,2300396.359884709,2300396.418287876,2300396.434901875
2,408,4.4488,11.5594,2300396.376550626,2300396.434969542,2300396.451568542
2,409,2.2752,11.5880,2300396.393218209,2300396.451645917,2300396.468235209
2,410,1.8034,11.0998,2300396.409883167,2300396.468294250,2300396.484901876
2,411,1.9998,10.5442,2300396.426549042,2300396.484962125,2300396.501568542
2,412,4.0138,12.0970,2300396.443219042,2300396.501621501,2300396.518235209
2,413,2.4674,13.0053,2300396.459882209,2300396.518282542,2300396.534901876
2,414,2.1545,12.5486,2300396.476551292,2300396.534964000,2300396.551568542
2,415,2.0706,13.2358,2300396.493218084,2300396.551631376,2300396.568235209
2,416,4.0320,7.6195,2300396.509884417,2300396.568294292,2300396.584901875
2,417,2.0959,9.4991,2300396.526548501,2300396.584959126,2300396.601568542
2,418,1.7662,7.9999,2300396.543215084,2300396.601631292,2300396.618235209
2,419,2.0396,8.7996,2300396.559884876,2300396.618304167,2300396.634901876
2,420,3.8886,11.6933,2300396.576548209,2300396.634966251,2300396.651568542
2,421,2.0034,10.8496,2300396.593214750,2300396.651629375,2300396.668235209
2,422,1.6827,7.2044,2300396.609884000,2300396.668296501,2300396.684901875
2,423,2.0289,10.5445,2300396.626551959,2300396.684955501,2300396.701568542
2,424,4.0159,9.9941,2300396.643217917,2300396.701620209,2300396.718235209
2,425,1.9934,12.2449,2300396.659883042,2300396.718299501,2300396.734901876
2,426,1.7485,5.8288,2300396.676548875,2300396.734952084,2300396.751568542
2,427,2.0118,9.2635,2300396.693214251,2300396.751631959,2300396.768235209
2,428,3.8438,7.4740,2300396.709880792,2300396.768283167,2300396.784901876
2,429,2.0332,10.8995,2300396.726547375,2300396.784953042,2300396.801568542
2,430,1.8961,10.4640,2300396.743213917,2300396.801631917,2300396.818235209
2,431,2.0153,12.4761,2300396.759883584,2300396.818297084,2300396.834901875
2,432,3.9958,6.6096,2300396.776549126,2300396.834946667,2300396.851568542
2,433,2.1110,9.8227,2300396.793213709,2300396.851606500,2300396.868235209
2,434,1.8303,6.7383,2300396.809880251,2300396.868288251,2300396.884901876
2,435,2.0163,11.0821,2300396.826546834,2300396.884961750,2300396.901568542
2,436,4.5683,12.6514,2300396.843215376,2300396.901630792,2300396.918235209
2,437,2.2168,13.2410,2300396.859880000,2300396.918291417,2300396.934901875
2,438,1.8525,6.1565,2300396.876548251,2300396.934968042,2300396.951568542
2,439,2.0310,9.6194,2300396.893215834,2300396.951625167,2300396.968235209
2,440,4.4328,6.5129,2300396.909879709,2300396.968289375,2300396.984901876
2,441,2.1468,8.8143,2300396.926548542,2300396.984955917,2300397.001568542
2,442,1.9541,9.7129,2300396.943212792,2300397.001627251,2300397.018235209
2,443,2.0510,8.6959,2300396.959882501,2300397.018292042,2300397.034901876
2,444,4.5964,6.1117,2300396.976547959,2300397.034967667,2300397.051568542
2,445,2.0736,8.2125,2300396.993212542,2300397.051611959,2300397.068235209
2,446,1.7960,5.6730,2300397.009881167,2300397.068293667,2300397.084901875
2,447,2.1358,8.5762,2300397.026547584,2300397.084956917,2300397.101568542
2,448,4.4998,8.4049,2300397.043215084,2300397.101632459,2300397.118235209
2,449,2.0400,6.3210,2300397.059878876,2300397.118298167,2300397.134901876
2,450,1.9293,4.1088,2300397.076545417,2300397.134975084,2300397.151568542
2,451,1.8837,6.8583,2300397.093213667,2300397.151612375,2300397.168235209
2,452,4.3719,5.6940,2300397.109878667,2300397.168301834,2300397.184901875
2,453,1.9377,6.8761,2300397.126545209,2300397.184952001,2300397.201568542
2,454,1.8207,9.4785,2300397.143215001,2300397.201635626,2300397.218235209
2,455,1.9783,9.2132,2300397.159879459,2300397.218291792,2300397.234901876
2,456,4.2094,6.5210,2300397.176546084,2300397.234953876,2300397.251568542
2,457,1.8721,8.1025,2300397.193213834,2300397.251625917,2300397.268235209
2,458,1.7707,6.4168,2300397.209880251,2300397.268301917,2300397.284901876
2,459,1.7727,8.7210,2300397.226547251,2300397.284962334,2300397.301568542
2,460,4.7028,10.1173,2300397.243213667,2300397.301620459,2300397.318235209
2,461,2.0931,12.8876,2300397.259879417,2300397.318283875,2300397.334901875
2,462,1.8213,7.7646,2300397.276545626,2300397.334943250,2300397.351568542
2,463,2.0927,7.1833,2300397.293213501,2300397.351634792,2300397.368235209
2,464,4.1130,7.1992,2300397.309879667,2300397.368289292,2300397.384901876
2,465,1.9011,6.9276,2300397.326544084,2300397.384967500,2300397.401568542
2,466,1.8185,8.9377,2300397.343210625,2300397.401634500,2300397.418235209
2,467,1.9790,9.1946,2300397.359880584,2300397.418294501,2300397.434901875
2,468,4.0440,7.3058,2300397.376545959,2300397.434960209,2300397.451568542
2,469,1.9163,7.6841,2300397.393210459,2300397.451615792,2300397.468235209
2,470,1.7853,8.0413,2300397.409877376,2300397.468297792,2300397.484901876
2,471,1.8086,6.1464,2300397.426545459,2300397.484954834,2300397.501568542
2,472,4.0029,5.8836,2300397.443210084,2300397.501626376,2300397.518235209
2,473,2.0705,5.6171,2300397.459879125,2300397.518313459,2300397.534901876
2,474,1.7864,4.5196,2300397.476545084,2300397.534960917,2300397.551568542
2,475,1.8060,5.3879,2300397.493212042,2300397.551635042,2300397.568235209
2,476,4.2531,6.2248,2300397.509878834,2300397.568299375,2300397.584901875
2,477,1.9778,5.8269,2300397.526545750,2300397.584942292,2300397.601568542
2,478,1.9893,6.0752,2300397.543211792,2300397.601646501,2300397.618235209
2,479,2.1211,7.7069,2300397.559876125,2300397.618301459,2300397.634901876
2,480,4.2687,8.1047,2300397.576542667,2300397.634964209,2300397.651568542
2,481,2.0245,6.8259,2300397.593209250,2300397.651629917,2300397.668235209
2,482,1.9032,8.3270,2300397.609875834,2300397.668292959,2300397.684901875
2,483,1.9598,7.3326,2300397.626544501,2300397.684952959,2300397.701568542
2,484,4.2340,8.8953,2300397.643212751,2300397.701612792,2300397.718235209
2,485,2.2485,10.6435,2300397.659877126,2300397.718286959,2300397.734901876
2,486,2.0582,7.1113,2300397.676543584,2300397.734948084,2300397.751568542
2,487,1.9199,6.5742,2300397.693210417,2300397.751623125,2300397.768235209
2,488,4.1302,8.5784,2300397.709878667,2300397.768294792,2300397.784901876
2,489,2.0017,6.6152,2300397.726544626,2300397.784950542,2300397.801568542
2,490,1.9530,8.0487,2300397.743208459,2300397.801631042,2300397.818235209
2,491,2.1512,8.9705,2300397.759875000,2300397.818290667,2300397.834901875
2,492,4.6327,10.1626,2300397.776541584,2300397.834944209,2300397.851568542
2,493,2.2694,6.3672,2300397.793208167,2300397.851610209,2300397.868235209
2,494,1.9287,8.8245,2300397.809874917,2300397.868298417,2300397.884901876
2,495,2.1268,6.2065,2300397.826541292,2300397.884951251,2300397.901568542
2,496,4.5351,9.2949,2300397.843207876,2300397.901614001,2300397.918235209
2,497,2.2758,9.9993,2300397.859874417,2300397.918273751,2300397.934901875
2,498,2.0991,8.9733,2300397.876544667,2300397.934952417,2300397.951568542
2,499,2.1463,6.3079,2300397.893209042,2300397.951631209,2300397.968235209
2,500,4.4045,8.5514,2300397.909875667,2300397.968280001,2300397.984901876
2,501,2.0828,6.6223,2300397.926540751,2300397.984953417,2300398.001568542
2,502,2.0500,8.9564,2300397.943209917,2300398.001630834,2300398.018235209
2,503,2.2395,11.2293,2300397.959876167,2300398.018288542,2300398.034901876
2,504,5.0313,9.7901,2300397.976542750,2300398.034962334,2300398.051568542
2,505,2.3030,7.1906,2300397.993209542,2300398.051619584,2300398.068235209
2,506,1.9446,9.8006,2300398.009875792,2300398.068284750,2300398.084901875
2,507,2.0872,6.7991,2300398.026542251,2300398.084959126,2300398.101568542
2,508,4.6843,10.7290,2300398.043209751,2300398.101630459,2300398.118235209
2,509,2.1022,10.9668,2300398.059873376,2300398.118285376,2300398.134901876
2,510,2.2300,10.6886,2300398.076542667,2300398.134953209,2300398.151568542
2,511,2.2152,7.9680,2300398.093207459,2300398.151639251,2300398.168235209
2,512,4.3821,9.0483,2300398.109873042,2300398.168283750,2300398.184901875
2,513,2.0001,6.5984,2300398.126542625,2300398.184953917,2300398.201568542
2,514,1.8170,9.0646,2300398.143209792,2300398.201620250,2300398.218235209
2,515,2.1773,10.8787,2300398.159874334,2300398.218277459,2300398.234901876
2,516,4.5778,12.5437,2300398.176540459,2300398.234962167,2300398.251568542
2,517,2.0540,7.9897,2300398.193209292,2300398.251625459,2300398.268235209
2,518,1.8163,7.6761,2300398.209875125,2300398.268272709,2300398.284901876
2,519,2.0915,5.9989,2300398.226541375,2300398.284971584,2300398.301568542
2,520,4.1050,6.6255,2300398.243209417,2300398.301619792,2300398.318235209
2,521,2.1902,7.7011,2300398.259875459,2300398.318277667,2300398.334901875
2,522,1.9939,7.9425,2300398.276539917,2300398.334953084,2300398.351568542
2,523,2.0550,7.8181,2300398.293207667,2300398.351623876,2300398.368235209
2,524,4.4152,6.1330,2300398.309874000,2300398.368287042,2300398.384901876
2,525,2.2708,6.2611,2300398.326540334,2300398.384956376,2300398.401568542
2,526,1.8685,6.3195,2300398.343207792,2300398.401617626,2300398.418235209
2,527,2.1853,8.1958,2300398.359871667,2300398.418293500,2300398.434901875
2,528,4.5206,9.4420,2300398.376540167,2300398.434968042,2300398.451568542
2,529,2.0550,8.4239,2300398.393207375,2300398.451623292,2300398.468235209
2,530,1.9401,6.4203,2300398.409872876,2300398.468287834,2300398.484901876
2,531,2.1183,8.1859,2300398.426540042,2300398.484944126,2300398.501568542
2,532,4.4567,6.8961,2300398.443207250,2300398.501622084,2300398.518235209
2,533,2.0228,9.3421,2300398.459873500,2300398.518282834,2300398.534901876
2,534,1.8185,9.5046,2300398.476542001,2300398.534949084,2300398.551568542
2,535,2.0120,9.1380,2300398.493206334,2300398.551625459,2300398.568235209
2,536,4.1920,6.2670,2300398.509873334,2300398.568287209,2300398.584901875
2,537,2.0261,7.2097,2300398.526538917,2300398.584951834,2300398.601568542
2,538,1.9615,7.5255,2300398.543206167,2300398.601617209,2300398.618235209
2,539,2.0473,8.6807,2300398.559873250,2300398.618295792,2300398.634901876
2,540,4.2827,6.0896,2300398.576538042,2300398.634994376,2300398.651568542
2,541,2.4393,8.1276,2300398.593203750,2300398.651649375,2300398.668235209
2,542,1.9464,5.8828,2300398.609870334,2300398.668273542,2300398.684901875
2,543,2.2996,8.0880,2300398.626539709,2300398.684969251,2300398.701568542
2,544,4.3185,9.8909,2300398.643205709,2300398.701620584,2300398.718235209
2,545,2.2103,10.3338,2300398.659872750,2300398.718291584,2300398.734901876
2,546,1.6945,5.9150,2300398.676536667,2300398.734945292,2300398.751568542
2,547,2.1424,8.2085,2300398.693207209,2300398.751621209,2300398.768235209
2,548,4.0149,6.9228,2300398.709873375,2300398.768283959,2300398.784901876
2,549,1.9732,11.0522,2300398.726538417,2300398.784954167,2300398.801568542
2,550,2.1095,9.8915,2300398.743205542,2300398.801633542,2300398.818235209
2,551,2.2318,11.1542,2300398.759871667,2300398.818261875,2300398.834869292
2,552,4.3225,6.4330,2300398.776538167,2300398.834925792,2300398.851535959
2,553,2.2143,10.3521,2300398.793202626,2300398.851603542,2300398.868202625
2,554,1.9207,7.0541,2300398.809873126,2300398.868258250,2300398.884869292
2,555,2.0670,10.4542,2300398.826535751,2300398.884925167,2300398.901535959
2,556,4.8669,11.2929,2300398.843205626,2300398.901596542,2300398.918202626
2,557,2.1986,12.4014,2300398.859871667,2300398.918258459,2300398.934869292
2,558,1.9691,6.5549,2300398.876535500,2300398.934925709,2300398.951535959
2,559,2.0553,10.8778,2300398.893203834,2300398.951596167,2300398.968202625
2,560,4.3871,6.5667,2300398.909874084,2300398.968262584,2300398.984869292
2,561,2.2246,10.0849,2300398.926535917,2300398.984921875,2300399.001535959
2,562,1.9162,10.4526,2300398.943204292,2300399.001598334,2300399.018202626
2,563,1.9871,7.4285,2300398.959870875,2300399.018265709,2300399.034869292
2,564,4.4971,4.5843,2300398.976534959,2300399.034928542,2300399.051535959
2,565,2.1322,5.1181,2300398.993203750,2300399.051595125,2300399.068202625
2,566,1.9662,5.9402,2300399.009871917,2300399.068248751,2300399.084869292
2,567,2.0691,7.0316,2300399.026534667,2300399.084926084,2300399.101535959
2,568,5.0521,7.7449,2300399.043203625,2300399.101594709,2300399.118202625
2,569,2.2550,8.0258,2300399.059867834,2300399.118269459,2300399.134869292
2,570,2.0318,5.3670,2300399.076534376,2300399.134932125,2300399.151535959
2,571,2.0244,7.9603,2300399.093201834,2300399.151598000,2300399.168202626
2,572,4.4115,5.7765,2300399.109869959,2300399.168262001,2300399.184869292
2,573,2.1742,8.1466,2300399.126537000,2300399.184932084,2300399.201535959
2,574,1.9088,9.5854,2300399.143200792,2300399.201596084,2300399.218202625
2,575,2.1545,8.1014,2300399.159870125,2300399.218266834,2300399.234869292
2,576,4.3483,6.1553,2300399.176536709,2300399.234930209,2300399.251535959
2,577,2.0619,7.6235,2300399.193202792,2300399.251587125,2300399.268202626
2,578,2.0456,6.4013,2300399.209866959,2300399.268258834,2300399.284869292
2,579,2.0631,7.8952,2300399.226535250,2300399.284918417,2300399.301535959
2,580,4.5794,9.3949,2300399.243202917,2300399.301595792,2300399.318202625
2,581,2.2572,11.8882,2300399.259869084,2300399.318273167,2300399.334869292
2,582,1.9372,8.2944,2300399.276534501,2300399.334932751,2300399.351535959
2,583,1.9660,8.0070,2300399.293199917,2300399.351597959,2300399.368202625
2,584,4.5115,8.3211,2300399.309869167,2300399.368265375,2300399.384869292
2,585,1.9893,7.4577,2300399.326534584,2300399.384925042,2300399.401535959
2,586,1.8243,7.7898,2300399.343202667,2300399.401617834,2300399.418202626
2,587,2.0233,11.0479,2300399.359867084,2300399.418270167,2300399.434869292
2,588,4.3263,11.5248,2300399.376535792,2300399.434925626,2300399.451535959
2,589,1.9473,7.4509,2300399.393202042,2300399.451602917,2300399.468202625
2,590,1.7910,8.9056,2300399.409865917,2300399.468258584,2300399.484869292
2,591,1.8861,7.4236,2300399.426534959,2300399.484925625,2300399.501535959
2,592,4.2339,8.7655,2300399.443202125,2300399.501597876,2300399.518202626
2,593,2.1551,11.0575,2300399.459868459,2300399.518264834,2300399.534869292
2,594,2.0324,9.9057,2300399.476535126,2300399.534923459,2300399.551535959
2,595,2.0008,7.4074,2300399.493201125,2300399.551583792,2300399.568202625
2,596,4.3587,10.2173,2300399.509868542,2300399.568272917,2300399.584869292
2,597,2.0496,7.7002,2300399.526533792,2300399.584914126,2300399.601535959
2,598,2.0460,10.3012,2300399.543200667,2300399.601609542,2300399.618202625
2,599,2.0372,12.9678,2300399.559865042,2300399.618265876,2300399.634869292
2,600,4.4337,12.7219,2300399.576534376,2300399.634930667,2300399.651535959
2,601,2.0677,7.1242,2300399.593198251,2300399.651598334,2300399.668202626
2,602,1.8296,9.2890,2300399.609867417,2300399.668262251,2300399.684869292
2,603,1.9090,7.9261,2300399.626531417,2300399.684916751,2300399.701535959
2,604,4.1035,11.5531,2300399.643200626,2300399.701620584,2300399.718202625
2,605,2.0990,12.9752,2300399.659867084,2300399.718260292,2300399.734869292
2,606,1.9660,10.5567,2300399.676531084,2300399.734929501,2300399.751535959
2,607,1.7705,6.3278,2300399.693197667,2300399.751596667,2300399.768202626
2,608,4.1476,8.8232,2300399.709866584,2300399.768275001,2300399.784869292
2,609,2.0186,6.8247,2300399.726534959,2300399.784919209,2300399.801535959
2,610,1.8357,8.7460,2300399.743198917,2300399.801597959,2300399.818202625
2,611,2.0226,10.6662,2300399.759866750,2300399.818258417,2300399.834869292
2,612,4.2455,11.9618,2300399.776530501,2300399.834928667,2300399.851535959
2,613,1.8252,5.9635,2300399.793199917,2300399.851590501,2300399.868202625
2,614,1.7088,9.1095,2300399.809866625,2300399.868253709,2300399.884869292
2,615,1.8288,10.8119,2300399.826530334,2300399.884926959,2300399.901535959
2,616,4.4644,9.5172,2300399.843196834,2300399.901597167,2300399.918202626
2,617,1.9564,8.7272,2300399.859866459,2300399.918264959,2300399.934869292
2,618,1.7859,9.7085,2300399.876531250,2300399.934927334,2300399.951535959
2,619,1.9592,5.4775,2300399.893199542,2300399.951594500,2300399.968202625
2,620,4.2277,7.4917,2300399.909864709,2300399.968263500,2300399.984869292
2,621,2.1088,6.0515,2300399.926532875,2300399.984933375,2300400.001535959
2,622,1.7144,9.1716,2300399.943198667,2300400.001592000,2300400.018202626
2,623,1.9616,9.6312,2300399.959862917,2300400.018268667,2300400.034869292
2,624,4.3691,11.5351,2300399.976530375,2300400.034926959,2300400.051535959
2,625,2.2970,6.9252,2300399.993198084,2300400.051614959,2300400.068202625
2,626,1.7824,9.0186,2300400.009865751,2300400.068255709,2300400.084869292
2,627,1.9052,6.8798,2300400.026529167,2300400.084935125,2300400.101535959
2,628,4.1281,8.3952,2300400.043198709,2300400.101594001,2300400.118202625
2,629,2.2472,10.6186,2300400.059864751,2300400.118277626,2300400.134869292
2,630,1.9867,9.0908,2300400.076529959,2300400.134940917,2300400.151535959
2,631,1.9438,6.9916,2300400.093198667,2300400.151600709,2300400.168202626
2,632,3.9692,7.1272,2300400.109864500,2300400.168260667,2300400.184869292
2,633,2.2109,6.2215,2300400.126529917,2300400.184925792,2300400.201535959
2,634,1.7405,7.0654,2300400.143197875,2300400.201586209,2300400.218202625
2,635,2.0322,7.4149,2300400.159864459,2300400.218267500,2300400.234869292
2,636,4.1215,8.5095,2300400.176529251,2300400.234938792,2300400.251535959
2,637,2.0487,6.3032,2300400.193197376,2300400.251592792,2300400.268202626
2,638,1.9406,5.5092,2300400.209863125,2300400.268258376,2300400.284869292
2,639,2.2090,6.1563,2300400.226530084,2300400.284939209,2300400.301535959
3,32,0.5420,4.5357,2300400.776525001,2300400.834925751,2300400.851535959
3,33,0.5268,6.1000,2300400.793191626,2300400.851597625,2300400.868202625
3,34,0.5286,6.9187,2300400.809859626,2300400.868270167,2300400.884869292
3,35,0.5437,10.0365,2300400.826524709,2300400.884933792,2300400.901535959
3,36,0.5353,10.2764,2300400.843191292,2300400.901615292,2300400.918202626
3,37,0.5452,13.0213,2300400.859860251,2300400.918264292,2300400.934869292
3,38,0.5157,9.8056,2300400.876525626,2300400.934931001,2300400.951535959
3,39,0.4979,9.0927,2300400.893191042,2300400.951589417,2300400.968202625
3,40,0.5367,8.2796,2300400.909859834,2300400.968256375,2300400.984869292
3,41,0.5399,9.4073,2300400.926526667,2300400.984923126,2300401.001535959
3,42,0.5485,10.8410,2300400.943192542,2300401.001597542,2300401.018202626
3,43,0.5779,11.7165,2300400.959857292,2300401.018269709,2300401.034869292
3,44,0.5498,9.2756,2300400.976525167,2300401.034933542,2300401.051535959
3,45,0.5427,8.1493,2300400.993193209,2300401.051592959,2300401.068202625
3,46,0.5315,8.5955,2300401.009860334,2300401.068265709,2300401.084869292
3,47,0.5395,8.2996,2300401.026523584,2300401.084927375,2300401.101535959
3,48,0.5503,9.3701,2300401.043190209,2300401.101602709,2300401.118202625
3,49,0.5390,10.3257,2300401.059856792,2300401.118267459,2300401.134869292
3,50,0.5247,10.3722,2300401.076523376,2300401.134934626,2300401.151535959
3,51,0.4852,7.6396,2300401.093191167,2300401.151591001,2300401.168202626
3,52,0.7263,8.2792,2300401.109859126,2300401.168267334,2300401.184869292
3,53,0.5426,7.9924,2300401.126523084,2300401.184947917,2300401.201535959
3,54,0.5288,9.7694,2300401.143191625,2300401.201605209,2300401.218202625
3,55,0.5469,10.4509,2300401.159858126,2300401.218263876,2300401.234869292
3,56,0.5208,9.4774,2300401.176525501,2300401.234920125,2300401.251535959
3,57,0.5018,7.6726,2300401.193191126,2300401.251594125,2300401.268202626
3,58,0.4899,10.2314,2300401.209858876,2300401.268260334,2300401.284869292
3,59,0.4665,8.0878,2300401.226524959,2300401.284924584,2300401.301535959
3,60,0.4966,10.5707,2300401.243191501,2300401.301599959,2300401.318202625
3,61,0.5268,11.3137,2300401.259858251,2300401.318272917,2300401.334869292
3,62,0.5015,10.2859,2300401.276524792,2300401.334921459,2300401.351535959
3,63,0.4910,7.8969,2300401.293190501,2300401.351591459,2300401.368202625
3,64,0.5094,10.3733,2300401.309858250,2300401.368283376,2300401.384869292
3,65,0.5111,8.3872,2300401.326524167,2300401.384923042,2300401.401535959
3,66,0.5382,11.5040,2300401.343188500,2300401.401600167,2300401.418202626
3,67,0.5289,13.5507,2300401.359858542,2300401.418258626,2300401.434869292
3,68,0.5660,13.3298,2300401.376525292,2300401.434927959,2300401.451535959
3,69,0.5010,8.9725,2300401.393191959,2300401.451595584,2300401.468202625
3,70,0.5503,12.6545,2300401.409856375,2300401.468241542,2300401.484869292
3,71,0.5262,9.4140,2300401.426521417,2300401.484935042,2300401.501535959
3,72,0.5293,13.3919,2300401.443191376,2300401.501592584,2300401.518202626
3,73,0.5671,13.5944,2300401.459857709,2300401.518258334,2300401.534869292
3,74,0.5682,12.7429,2300401.476521126,2300401.534914875,2300401.551535959
3,75,0.5023,8.1605,2300401.493189792,2300401.551592500,2300401.568202625
3,76,0.5770,9.0369,2300401.509854251,2300401.568272084,2300401.584869292
3,77,0.5481,6.8027,2300401.526523584,2300401.584911417,2300401.601535959
3,78,0.5533,9.8658,2300401.543189875,2300401.601587875,2300401.618202625
3,79,0.7488,9.5631,2300401.559855542,2300401.618274459,2300401.634869292
3,80,0.5692,8.1240,2300401.576522626,2300401.634935959,2300401.651535959
3,81,0.4998,5.0859,2300401.593187209,2300401.651597876,2300401.668202626
3,82,0.5827,7.0310,2300401.609855292,2300401.668260584,2300401.684869292
3,83,0.5278,7.2835,2300401.626522959,2300401.684932542,2300401.701535959
3,84,0.5789,12.4269,2300401.643186917,2300401.701603084,2300401.718202625
3,85,0.5512,12.0605,2300401.659855376,2300401.718255125,2300401.734869292
3,86,0.5618,11.0945,2300401.676521792,2300401.734933625,2300401.751535959
3,87,0.5429,8.6832,2300401.693188625,2300401.751605209,2300401.768202626
3,88,0.5257,10.1796,2300401.709854959,2300401.768265251,2300401.784869292
3,89,0.5637,8.8136,2300401.726522875,2300401.784934167,2300401.801535959
3,90,0.5428,10.2108,2300401.743191501,2300401.801595001,2300401.818202625
3,91,0.5680,10.9394,2300401.759855376,2300401.818259542,2300401.834869292
3,92,0.5979,10.7461,2300401.776521792,2300401.834940167,2300401.851535959
3,93,0.5726,8.8433,2300401.793187792,2300401.851594709,2300401.868202625
3,94,0.5690,9.8964,2300401.809857251,2300401.868264000,2300401.884869292
3,95,0.7315,9.3715,2300401.826521250,2300401.884934125,2300401.901535959
3,96,0.6326,10.5426,2300401.843188334,2300401.901606000,2300401.918202626
3,97,0.5708,10.0693,2300401.859855167,2300401.918269125,2300401.934869292
3,98,0.7590,12.2637,2300401.876520792,2300401.934941292,2300401.951535959
3,99,0.6348,9.5155,2300401.893187959,2300401.951620542,2300401.968202625
3,100,0.5623,9.0466,2300401.909854042,2300401.968256000,2300401.984869292
3,101,0.6035,9.8618,2300401.926520376,2300401.984938917,2300402.001535959
3,102,0.5506,9.5757,2300401.943185250,2300402.001598084,2300402.018202626
3,103,0.5512,10.3527,2300401.959854126,2300402.018261084,2300402.034869292
3,104,0.5597,11.0548,2300401.976520000,2300402.034940876,2300402.051535959
3,105,0.5651,10.8328,2300401.993187501,2300402.051625834,2300402.068202625
3,106,0.5231,9.3845,2300402.009853667,2300402.068263500,2300402.084869292
3,107,0.5480,10.2960,2300402.026520084,2300402.084928875,2300402.101535959
3,108,0.5594,9.8510,2300402.043184667,2300402.101594001,2300402.118202625
3,109,0.5705,12.2920,2300402.059853625,2300402.118268625,2300402.134869292
3,110,0.5547,12.3528,2300402.076520042,2300402.134928334,2300402.151535959
3,111,0.5847,12.5596,2300402.093186917,2300402.151599500,2300402.168202626
3,112,0.5826,10.1372,2300402.109853709,2300402.168263292,2300402.184869292
3,113,0.5689,11.2915,2300402.126519876,2300402.184922417,2300402.201535959
3,114,0.5515,9.0590,2300402.143184167,2300402.201616917,2300402.218202625
3,115,0.6887,10.9209,2300402.159850709,2300402.218256167,2300402.234869292
3,116,0.6295,12.9894,2300402.176517875,2300402.234929417,2300402.251535959
3,117,0.5976,12.0495,2300402.193183876,2300402.251609376,2300402.268202626
3,118,0.5847,8.2806,2300402.209852292,2300402.268251417,2300402.284869292
3,119,0.5759,10.5343,2300402.226517001,2300402.284936584,2300402.301535959
3,120,0.5785,11.8240,2300402.243185875,2300402.301607709,2300402.318202625
3,121,0.5682,11.2459,2300402.259852709,2300402.318269417,2300402.334869292
3,122,0.5550,8.1274,2300402.276516750,2300402.334932334,2300402.351535959
3,123,0.5986,9.9631,2300402.293183292,2300402.351612792,2300402.368202625
3,124,0.5523,8.5146,2300402.309851501,2300402.368277209,2300402.384869292
3,125,0.5630,10.8927,2300402.326518917,2300402.384923084,2300402.401535959
3,126,0.5679,13.0723,2300402.343185042,2300402.401615792,2300402.418202626
3,127,0.5837,12.6725,2300402.359849584,2300402.418264001,2300402.434869292
3,128,0.5415,8.8231,2300402.376517959,2300402.434932209,2300402.451535959
3,129,0.5799,12.4620,2300402.393184792,2300402.451595792,2300402.468202625
3,130,0.5434,9.0212,2300402.409851834,2300402.468256751,2300402.484869292
3,131,0.5838,12.6785,2300402.426515875,2300402.484943459,2300402.501535959
3,132,0.5845,13.2096,2300402.443183834,2300402.501603334,2300402.518202626
3,133,0.5645,13.2847,2300402.459849000,2300402.518262000,2300402.534869292
3,134,0.5484,9.2285,2300402.476516459,2300402.534922000,2300402.551535959
3,135,0.5973,12.6276,2300402.493182167,2300402.551606209,2300402.568202625
3,136,0.5710,9.2415,2300402.509848751,2300402.568262834,2300402.584869292
3,137,0.5981,12.5236,2300402.526517542,2300402.584927167,2300402.601535959
3,138,0.6145,10.2804,2300402.543181876,2300402.601598251,2300402.618202625
3,139,0.5775,7.7135,2300402.559851001,2300402.618261876,2300402.634869292
3,140,0.5082,5.6155,2300402.576516459,2300402.634924876,2300402.651535959
3,141,0.5720,8.8755,2300402.593181667,2300402.651586875,2300402.668202626
3,142,0.5498,6.6107,2300402.609851126,2300402.668256959,2300402.684869292
3,143,0.5695,10.6856,2300402.626516417,2300402.684934084,2300402.701535959
3,144,0.5761,9.1425,2300402.643181334,2300402.701586709,2300402.718202625
3,145,0.6055,7.1840,2300402.659847917,2300402.718263376,2300402.734869292
3,146,0.5621,4.7839,2300402.676514500,2300402.734943667,2300402.751535959
3,147,0.4983,6.7904,2300402.693181042,2300402.751596625,2300402.768202626
3,148,0.5582,6.3333,2300402.709850167,2300402.768263501,2300402.784869292
3,149,0.5338,9.3444,2300402.726516375,2300402.784928209,2300402.801535959
3,150,0.5472,10.9276,2300402.743182042,2300402.801597917,2300402.818202625
3,151,0.5469,10.8219,2300402.759849584,2300402.818265917,2300402.834869292
3,152,0.5551,8.4968,2300402.776515459,2300402.834941834,2300402.851535959
3,153,0.5538,10.3049,2300402.793183876,2300402.851603042,2300402.868202625
3,154,0.5480,8.9096,2300402.809849542,2300402.868265750,2300402.884869292
3,155,0.5693,10.4556,2300402.826513667,2300402.884927376,2300402.901535959
3,156,0.5728,10.8711,2300402.843180250,2300402.901596084,2300402.918202626
3,157,0.5674,9.5107,2300402.859846876,2300402.918261834,2300402.934869292
3,158,0.5499,9.3430,2300402.876515667,2300402.934930584,2300402.951535959
3,159,0.5140,9.6610,2300402.893182834,2300402.951587709,2300402.968202625
3,160,0.5392,8.3436,2300402.909846584,2300402.968259001,2300402.984869292
3,161,0.5391,8.8865,2300402.926513042,2300402.984920167,2300403.001535959
3,162,0.5925,9.4825,2300402.943182584,2300403.001598209,2300403.018202626
3,163,0.5387,9.7008,2300402.959848334,2300403.018279292,2300403.034869292
3,164,0.5543,7.7515,2300402.976513542,2300403.034922167,2300403.051535959
3,165,0.5443,7.7490,2300402.993181834,2300403.051587125,2300403.068202625
3,166,0.5447,7.7635,2300403.009848667,2300403.068252459,2300403.084869292
3,167,0.5391,8.9770,2300403.026515042,2300403.084918084,2300403.101535959
3,168,0.5502,8.6583,2300403.043181626,2300403.101587417,2300403.118202625
3,169,0.5523,9.8120,2300403.059847459,2300403.118260875,2300403.134869292
3,170,0.5454,7.9273,2300403.076512251,2300403.134926626,2300403.151535959
3,171,0.5276,7.7603,2300403.093179751,2300403.151597917,2300403.168202626
3,172,0.5736,8.1873,2300403.109848667,2300403.168262167,2300403.184869292
3,173,0.5204,8.1830,2300403.126512126,2300403.184904750,2300403.201535959
3,174,0.5582,9.1622,2300403.143180459,2300403.201593625,2300403.218202625
3,175,0.5411,9.7704,2300403.159847084,2300403.218261542,2300403.234869292
3,176,0.5523,8.3560,2300403.176513792,2300403.234923042,2300403.251535959
3,177,0.5381,7.3899,2300403.193181042,2300403.251581209,2300403.268202626
3,178,0.5625,8.4435,2300403.209847334,2300403.268256209,2300403.284869292
3,179,0.5089,7.7451,2300403.226511459,2300403.284915125,2300403.301535959
3,180,0.5755,9.2529,2300403.243179792,2300403.301588834,2300403.318202625
3,181,0.5457,9.7329,2300403.259847334,2300403.318274500,2300403.334869292
3,182,0.5545,10.0600,2300403.276514292,2300403.334924500,2300403.351535959
3,183,0.5182,7.9469,2300403.293179626,2300403.351576501,2300403.368202625
3,184,0.5658,10.1513,2300403.309846792,2300403.368257625,2300403.384869292
3,185,0.5415,8.5636,2300403.326513459,2300403.384931917,2300403.401535959
3,186,0.5399,11.1307,2300403.343177501,2300403.401593584,2300403.418202626
3,187,0.5653,11.4660,2300403.359844042,2300403.418279792,2300403.434869292
3,188,0.5073,11.6960,2300403.376510584,2300403.434925251,2300403.451535959
3,189,0.4958,8.7927,2300403.393180209,2300403.451577376,2300403.468202625
3,190,0.4997,11.4974,2300403.409843834,2300403.468246834,2300403.484869292
3,191,0.5225,13.4606,2300403.426510375,2300403.484917209,2300403.501535959
3,192,0.5176,12.2003,2300403.443176959,2300403.501587626,2300403.518202626
3,193,0.5114,12.8514,2300403.459846292,2300403.518255292,2300403.534869292
3,194,0.5202,12.0190,2300403.476510084,2300403.534919709,2300403.551535959
3,195,0.4770,10.6381,2300403.493179126,2300403.551589501,2300403.568202625
3,196,0.5473,9.8765,2300403.509845750,2300403.568257584,2300403.584869292
3,197,0.4794,7.4734,2300403.526509792,2300403.584916292,2300403.601535959
3,198,0.5300,10.6950,2300403.543176959,2300403.601596292,2300403.618202625
3,199,0.5245,11.8995,2300403.559842917,2300403.618252334,2300403.634869292
3,200,0.5420,12.2717,2300403.576510542,2300403.634929000,2300403.651535959
3,201,0.5211,8.2813,2300403.593177667,2300403.651592376,2300403.668202626
3,202,0.5683,11.5884,2300403.609846001,2300403.668257167,2300403.684869292
3,203,0.4987,8.3660,2300403.626511709,2300403.684921167,2300403.701535959
3,204,0.5440,12.0852,2300403.643178375,2300403.701601875,2300403.718202625
3,205,0.5860,12.5895,2300403.659845167,2300403.718251542,2300403.734869292
3,206,0.5260,10.6310,2300403.676510626,2300403.734935292,2300403.751535959
3,207,0.5300,6.7075,2300403.693177125,2300403.751590042,2300403.768202626
3,208,0.5454,8.8266,2300403.709844042,2300403.768250876,2300403.784869292
3,209,0.4903,6.8045,2300403.726508709,2300403.784919542,2300403.801535959
3,210,0.5124,12.4184,2300403.743178750,2300403.801586667,2300403.818202625
3,211,0.4874,12.7406,2300403.759844417,2300403.818245459,2300403.834869292
3,212,0.5132,11.3730,2300403.776510292,2300403.834924334,2300403.851535959
3,213,0.4691,7.2105,2300403.793176917,2300403.851595042,2300403.868202625
3,214,0.4948,10.3492,2300403.809844792,2300403.868252750,2300403.884869292
3,215,0.5118,8.6236,2300403.826509042,2300403.884932209,2300403.901535959
3,216,0.5245,9.8209,2300403.843176792,2300403.901580834,2300403.918202626
3,217,0.5062,9.9318,2300403.859841292,2300403.918258750,2300403.934869292
3,218,0.4876,10.1822,2300403.876509125,2300403.934925376,2300403.951535959
3,219,0.4948,9.0325,2300403.893176084,2300403.951595625,2300403.968202625
3,220,0.4698,9.6801,2300403.909843626,2300403.968250334,2300403.984869292
3,221,0.4695,8.2345,2300403.926509376,2300403.984926209,2300404.001535959
3,222,0.4541,9.1086,2300403.943176542,2300404.001591376,2300404.018202626
3,223,0.5140,9.4295,2300403.959843250,2300404.018268209,2300404.034869292
3,224,0.4968,10.1955,2300403.976509375,2300404.034928167,2300404.051535959
3,225,0.5205,9.2758,2300403.993176792,2300404.051596000,2300404.068202625
3,226,0.4942,8.2083,2300404.009844501,2300404.068242126,2300404.084869292
3,227,0.5068,7.9773,2300404.026509167,2300404.084926875,2300404.101535959
3,228,0.5133,8.0700,2300404.043175542,2300404.101590959,2300404.118202625
3,229,0.5227,8.5333,2300404.059842917,2300404.118260667,2300404.134869292
3,230,0.5138,9.2911,2300404.076507959,2300404.134941334,2300404.151535959
3,231,0.5315,9.2107,2300404.093175042,2300404.151591626,2300404.168202626
3,232,0.5275,7.7382,2300404.109841000,2300404.168255792,2300404.184869292
3,233,0.5577,7.5015,2300404.126506459,2300404.184932042,2300404.201535959
3,234,0.5269,8.1523,2300404.143175709,2300404.201592500,2300404.218202625
3,235,0.5620,8.8411,2300404.159842751,2300404.218254875,2300404.234869292
3,236,0.5414,9.1018,2300404.176507084,2300404.234919917,2300404.251535959
3,237,0.5390,10.4804,2300404.193174500,2300404.251591667,2300404.268202626
3,238,0.5021,8.4323,2300404.209841625,2300404.268263625,2300404.284869292
3,239,0.4979,9.1763,2300404.226508167,2300404.284915125,2300404.301535959
3,240,0.5127,8.3697,2300404.243174334,2300404.301586750,2300404.318202625
3,241,0.5096,9.8526,2300404.259841084,2300404.318254584,2300404.334869292
3,242,0.5165,11.0756,2300404.276507417,2300404.334910125,2300404.351535959
3,243,0.5330,11.1892,2300404.293174834,2300404.351601709,2300404.368202625
3,244,0.4946,8.2420,2300404.309838792,2300404.368254751,2300404.384869292
3,245,0.5204,9.7673,2300404.326505334,2300404.384928834,2300404.401535959
3,246,0.5044,10.9285,2300404.343172001,2300404.401591709,2300404.418202626
3,247,0.4955,11.5477,2300404.359841792,2300404.418246542,2300404.434869292
3,248,0.4890,8.5810,2300404.376506084,2300404.434926084,2300404.451535959
3,249,0.5045,11.0968,2300404.393171667,2300404.451598376,2300404.468202625
3,250,0.4847,8.7591,2300404.409840751,2300404.468247584,2300404.484869292
3,251,0.5480,11.8116,2300404.426509292,2300404.484924959,2300404.501535959
3,252,0.5343,13.3500,2300404.443173251,2300404.501594209,2300404.518202626
3,253,0.5405,13.2074,2300404.459841126,2300404.518253334,2300404.534869292
3,254,0.5087,8.7944,2300404.476506709,2300404.534931084,2300404.551535959
3,255,0.5519,12.1570,2300404.493174584,2300404.551588834,2300404.568202625
3,256,0.5133,9.0689,2300404.509837667,2300404.568258876,2300404.584869292
3,257,0.5614,12.8566,2300404.526504251,2300404.584923167,2300404.601535959
3,258,0.5669,13.9484,2300404.543174292,2300404.601583376,2300404.618202625
3,259,0.5741,13.3750,2300404.559839542,2300404.618272209,2300404.634869292
3,260,0.5339,8.0000,2300404.576504000,2300404.634922750,2300404.651535959
3,261,0.5382,11.4761,2300404.593170500,2300404.651594000,2300404.668202626
3,262,0.5145,8.3942,2300404.609837126,2300404.668261250,2300404.684869292
3,263,0.5605,11.7032,2300404.626506000,2300404.684932126,2300404.701535959
3,264,0.5987,11.5448,2300404.643173209,2300404.701595000,2300404.718202625
3,265,0.5772,7.6331,2300404.659840334,2300404.718258000,2300404.734869292
3,266,0.5113,6.0209,2300404.676505417,2300404.734927167,2300404.751535959
3,267,0.5998,9.4554,2300404.693171959,2300404.751599875,2300404.768202626
3,268,0.5428,6.9279,2300404.709838667,2300404.768256459,2300404.784869292
3,269,0.5820,9.9622,2300404.726507626,2300404.784924792,2300404.801535959
3,270,0.5807,8.7035,2300404.743171751,2300404.801605001,2300404.818202625
3,271,0.5311,7.1070,2300404.759839834,2300404.818219959,2300404.834836084
3,272,0.5350,5.3330,2300404.776504750,2300404.834890959,2300404.851502751
3,273,0.5347,6.9928,2300404.793169459,2300404.851548834,2300404.868169417
3,274,0.5468,5.7476,2300404.809839126,2300404.868227667,2300404.884836084
3,275,0.5285,9.2626,2300404.826502625,2300404.884906167,2300404.901502750
3,276,0.5820,12.0075,2300404.843170417,2300404.901565209,2300404.918169417
3,277,0.5566,11.1750,2300404.859838042,2300404.918216750,2300404.934836084
3,278,0.5486,7.8115,2300404.876504709,2300404.934896125,2300404.951502751
3,279,0.5247,9.8317,2300404.893170625,2300404.951545542,2300404.968169417
3,280,0.5376,8.4854,2300404.909835459,2300404.968229334,2300404.984836084
3,281,0.5538,9.4850,2300404.926502042,2300404.984883584,2300405.001502750
3,282,0.5572,9.1727,2300404.943168626,2300405.001556792,2300405.018169417
3,283,0.5682,10.3560,2300404.959840125,2300405.018230501,2300405.034836084
3,284,0.5176,7.6920,2300404.976503792,2300405.034888376,2300405.051502751
3,285,0.5329,8.0965,2300404.993168334,2300405.051545125,2300405.068169417
3,286,0.5302,7.7342,2300405.009838042,2300405.068229001,2300405.084836084
3,287,0.5293,8.1065,2300405.026501459,2300405.084880042,2300405.101502751
3,288,0.5164,8.9176,2300405.043169876,2300405.101559501,2300405.118169417
3,289,0.5667,9.9703,2300405.059837084,2300405.118235751,2300405.134836084
3,290,0.5474,7.8356,2300405.076502792,2300405.134891709,2300405.151502750
3,291,0.5190,7.4473,2300405.093169334,2300405.151540792,2300405.168169417
3,292,0.5685,8.1779,2300405.109836375,2300405.168233001,2300405.184836084
3,293,0.5190,8.4810,2300405.126502209,2300405.184885334,2300405.201502751
3,294,0.7424,9.2664,2300405.143171459,2300405.201563042,2300405.218169417
3,295,0.5780,9.3436,2300405.159836376,2300405.218238292,2300405.234836084
3,296,0.5385,7.8380,2300405.176503042,2300405.234909167,2300405.251502750
3,297,0.5235,7.2478,2300405.193169501,2300405.251558459,2300405.268169417
3,298,0.5485,7.9582,2300405.209836750,2300405.268217792,2300405.284836084
3,299,0.5181,7.5417,2300405.226502250,2300405.284892167,2300405.301502751
3,300,0.5403,8.6918,2300405.243168834,2300405.301551834,2300405.318169417
3,301,0.5557,9.4328,2300405.259836751,2300405.318234376,2300405.334836084
3,302,0.5447,8.6984,2300405.276502876,2300405.334894584,2300405.351502751
3,303,0.5262,7.6552,2300405.293169125,2300405.351548209,2300405.368169417
3,304,0.5510,8.8037,2300405.309835042,2300405.368223750,2300405.384836084
3,305,0.5390,8.1820,2300405.326502917,2300405.384884959,2300405.401502750
3,306,0.5587,9.5784,2300405.343168250,2300405.401552709,2300405.418169417
3,307,0.5342,10.0458,2300405.359834375,2300405.418221417,2300405.434836084
3,308,0.5236,9.7749,2300405.376502834,2300405.434889917,2300405.451502751
3,309,0.5339,7.9836,2300405.393168084,2300405.451539209,2300405.468169417
3,310,0.5282,10.2395,2300405.409832667,2300405.468228417,2300405.484836084
3,311,0.4939,8.5847,2300405.426503376,2300405.484884209,2300405.501502750
3,312,0.5347,11.0768,2300405.443168709,2300405.501553042,2300405.518169417
3,313,0.5346,11.5993,2300405.459835000,2300405.518227876,2300405.534836084
3,314,0.5492,11.9612,2300405.476502584,2300405.534886709,2300405.551502751
3,315,0.5112,9.1467,2300405.493167584,2300405.551549584,2300405.568169417
3,316,0.5590,12.7487,2300405.509834667,2300405.568215501,2300405.584836084
3,317,0.4814,9.3993,2300405.526500125,2300405.584870875,2300405.601502751
3,318,0.5493,13.6043,2300405.543168292,2300405.601552001,2300405.618169417
3,319,0.5691,13.6754,2300405.559831834,2300405.618218542,2300405.634836084
3,320,0.5685,13.8440,2300405.576498417,2300405.634880209,2300405.651502750
3,321,0.5579,9.2996,2300405.593165000,2300405.651550042,2300405.668169417
3,322,0.5852,12.5722,2300405.609831584,2300405.668207875,2300405.684836084
3,323,0.5297,9.2283,2300405.626499667,2300405.684884001,2300405.701502751
3,324,0.5618,13.1135,2300405.643164709,2300405.701549084,2300405.718169417
3,325,0.5888,13.1699,2300405.659831251,2300405.718216626,2300405.734836084
3,326,0.5526,12.9054,2300405.676499209,2300405.734888584,2300405.751502750
3,327,0.5376,8.1395,2300405.693166792,2300405.751558292,2300405.768169417
3,328,0.5752,11.4014,2300405.709832917,2300405.768223001,2300405.784836084
3,329,0.5503,8.6980,2300405.726500000,2300405.784879542,2300405.801502751
3,330,0.5559,11.9069,2300405.743165792,2300405.801548375,2300405.818169417
3,331,0.5600,10.3957,2300405.759830709,2300405.818219126,2300405.834836084
3,332,0.5749,8.3924,2300405.776499126,2300405.834885417,2300405.851502751
3,333,0.5191,5.6895,2300405.793166709,2300405.851551709,2300405.868169417
3,334,0.5043,6.7785,2300405.809834334,2300405.868205001,2300405.884836084
3,335,0.5688,6.9651,2300405.826499001,2300405.884881709,2300405.901502750
3,336,0.5380,9.9499,2300405.843165000,2300405.901545500,2300405.918169417
3,337,0.5652,10.1829,2300405.859833292,2300405.918234167,2300405.934836084
3,338,0.5148,10.1529,2300405.876499042,2300405.934878792,2300405.951502751
3,339,0.5228,8.9135,2300405.893165417,2300405.951550959,2300405.968169417
3,340,0.5352,9.3016,2300405.909832126,2300405.968213376,2300405.984836084
3,341,0.7555,8.2195,2300405.926499376,2300405.984893209,2300406.001502750
3,342,0.5715,9.0198,2300405.943164917,2300406.001557042,2300406.018169417
3,343,0.5496,8.9458,2300405.959832167,2300406.018217125,2300406.034836084
3,344,0.5652,9.6267,2300405.976498000,2300406.034890376,2300406.051502751
3,345,0.5348,9.5484,2300405.993164792,2300406.051559667,2300406.068169417
3,346,0.5235,8.7136,2300406.009831334,2300406.068221625,2300406.084836084
3,347,0.5715,7.6120,2300406.026498709,2300406.084906001,2300406.101502751
3,348,0.5260,7.9375,2300406.043165334,2300406.101537751,2300406.118169417
3,349,0.5540,8.3737,2300406.059831292,2300406.118224792,2300406.134836084
3,350,0.5570,9.3054,2300406.076495667,2300406.134893584,2300406.151502750
3,351,0.6017,9.2633,2300406.093162209,2300406.151540751,2300406.168169417
3,352,0.6062,7.3972,2300406.109828792,2300406.168226667,2300406.184836084
3,353,0.5535,7.7768,2300406.126496917,2300406.184894959,2300406.201502751
3,354,0.5426,7.3434,2300406.143163584,2300406.201558250,2300406.218169417
3,355,0.5364,8.1970,2300406.159831042,2300406.218235042,2300406.234836084
3,356,0.5630,9.0804,2300406.176496501,2300406.234883750,2300406.251502750
3,357,0.5579,9.0844,2300406.193164209,2300406.251552167,2300406.268169417
3,358,0.5456,7.8377,2300406.209831042,2300406.268236584,2300406.284836084
3,359,0.5656,9.4889,2300406.226496750,2300406.284885459,2300406.301502751
3,360,0.5830,10.3880,2300406.243163167,2300406.301558167,2300406.318169417
3,361,0.5429,10.4696,2300406.259831375,2300406.318232292,2300406.334836084
3,362,0.5327,8.4014,2300406.276494501,2300406.334879251,2300406.351502751
3,363,0.5549,10.5789,2300406.293162209,2300406.351554709,2300406.368169417
3,364,0.5239,8.3278,2300406.309827667,2300406.368205084,2300406.384836084
3,365,0.5777,10.1262,2300406.326496042,2300406.384896959,2300406.401502750
3,366,0.5761,10.7970,2300406.343160792,2300406.401558417,2300406.418169417
3,367,0.5447,11.0541,2300406.359830667,2300406.418236126,2300406.434836084
3,368,0.5526,8.1414,2300406.376493959,2300406.434890375,2300406.451502751
3,369,0.5420,10.4493,2300406.393160584,2300406.451562042,2300406.468169417
3,370,0.5231,8.4236,2300406.409830626,2300406.468220125,2300406.484836084
3,371,0.5511,10.7861,2300406.426495001,2300406.484899792,2300406.501502750
3,372,0.5598,12.3271,2300406.443160250,2300406.501560834,2300406.518169417
3,373,0.6200,11.8174,2300406.459826875,2300406.518227376,2300406.534836084
3,374,0.5306,10.8210,2300406.476496209,2300406.534888584,2300406.551502751
3,375,0.5160,10.9164,2300406.493161459,2300406.551560459,2300406.568169417
3,376,0.5526,7.0854,2300406.509826542,2300406.568217167,2300406.584836084
3,377,0.6187,9.6227,2300406.526496375,2300406.584887792,2300406.601502751
3,378,0.6384,10.5520,2300406.543161750,2300406.601557792,2300406.618169417
3,379,0.6053,10.8949,2300406.559829709,2300406.618221834,2300406.634836084
3,380,0.5712,7.6219,2300406.576493834,2300406.634880542,2300406.651502750
3,381,0.5938,10.9082,2300406.593159459,2300406.651558417,2300406.668169417
3,382,0.5835,8.1654,2300406.609828501,2300406.668224000,2300406.684836084
3,383,0.5555,11.3495,2300406.626492584,2300406.684895084,2300406.701502751
3,384,0.6105,11.4790,2300406.643159167,2300406.701551792,2300406.718169417
3,385,0.6423,10.4412,2300406.659828500,2300406.718237334,2300406.734836084
3,386,0.6229,6.5850,2300406.676493626,2300406.734886792,2300406.751502750
3,387,0.5687,9.1507,2300406.693159542,2300406.751553292,2300406.768169417
3,388,0.5220,6.9175,2300406.709825459,2300406.768217001,2300406.784836084
3,389,0.5405,9.6192,2300406.726496292,2300406.784892667,2300406.801502751
3,390,0.5267,9.7767,2300406.743158584,2300406.801551459,2300406.818169417
3,391,0.5694,8.3033,2300406.759827001,2300406.818223459,2300406.834836084
3,392,0.5426,5.6989,2300406.776493000,2300406.834890625,2300406.851502751
3,393,0.5150,6.7607,2300406.793160459,2300406.851545209,2300406.868169417
3,394,0.5651,7.7003,2300406.809827500,2300406.868235000,2300406.884836084
3,395,0.4689,9.2177,2300406.826493251,2300406.884888751,2300406.901502750
3,396,0.5294,10.1727,2300406.843158001,2300406.901567875,2300406.918169417
3,397,0.5149,9.4340,2300406.859824584,2300406.918233709,2300406.934836084
3,398,0.5144,7.9662,2300406.876493584,2300406.934895584,2300406.951502751
3,399,0.4817,8.0740,2300406.893160751,2300406.951555334,2300406.968169417
3,400,0.5072,8.2181,2300406.909827625,2300406.968231334,2300406.984836084
3,401,0.5057,8.7432,2300406.926492625,2300406.984875501,2300407.001502750
3,402,0.5366,8.2580,2300406.943159251,2300407.001577542,2300407.018169417
3,403,0.5112,9.5795,2300406.959826542,2300407.018227917,2300407.034836084
3,404,0.5210,7.4935,2300406.976494917,2300407.034896584,2300407.051502751
3,405,0.5233,7.5774,2300406.993158251,2300407.051546709,2300407.068169417
3,406,0.5301,7.7985,2300407.009827084,2300407.068217917,2300407.084836084
3,407,0.5410,8.7153,2300407.026490375,2300407.084894959,2300407.101502751
3,408,0.5352,8.1866,2300407.043157001,2300407.101567125,2300407.118169417
3,409,0.5694,8.8774,2300407.059825417,2300407.118237209,2300407.134836084
3,410,0.5371,7.4525,2300407.076491209,2300407.134898167,2300407.151502750
3,411,0.5090,7.0793,2300407.093156709,2300407.151558501,2300407.168169417
3,412,0.5227,7.7967,2300407.109823251,2300407.168224167,2300407.184836084
3,413,0.5245,7.4169,2300407.126491584,2300407.184881250,2300407.201502751
3,414,0.7771,8.3407,2300407.143159084,2300407.201576834,2300407.218169417
3,415,0.5858,8.6912,2300407.159825084,2300407.218231084,2300407.234836084
3,416,0.5389,7.7634,2300407.176490834,2300407.234890959,2300407.251502750
3,417,0.5143,7.1786,2300407.193156167,2300407.251559584,2300407.268169417
3,418,0.5369,8.1309,2300407.209824959,2300407.268229667,2300407.284836084
3,419,0.5120,7.4982,2300407.226489251,2300407.284899042,2300407.301502751
3,420,0.5615,9.1104,2300407.243155876,2300407.301569917,2300407.318169417
3,421,0.5745,9.1263,2300407.259824000,2300407.318236459,2300407.334836084
3,422,0.5491,9.1394,2300407.276488917,2300407.334904542,2300407.351502751
3,423,0.5540,7.8002,2300407.293157876,2300407.351562584,2300407.368169417
3,424,0.5620,9.6544,2300407.309824542,2300407.368229709,2300407.384836084
3,425,0.5404,7.9756,2300407.326491459,2300407.384887292,2300407.401502750
3,426,0.5418,10.2736,2300407.343157000,2300407.401562917,2300407.418169417
3,427,0.5543,10.6271,2300407.359824709,2300407.418222167,2300407.434836084
3,428,0.5381,11.3640,2300407.376490084,2300407.434891167,2300407.451502751
3,429,0.5104,8.3634,2300407.393156709,2300407.451559542,2300407.468169417
3,430,0.5557,10.4340,2300407.409824626,2300407.468225625,2300407.484836084
3,431,0.5305,8.4621,2300407.426488084,2300407.484887292,2300407.501502750
3,432,0.5685,11.8993,2300407.443157459,2300407.501559959,2300407.518169417
3,433,0.5743,12.0156,2300407.459824709,2300407.518215500,2300407.534836084
3,434,0.5773,12.6976,2300407.476489792,2300407.534886626,2300407.551502751
3,435,0.5381,8.8280,2300407.493155917,2300407.551565626,2300407.568169417
3,436,0.5705,12.1810,2300407.509822834,2300407.568228834,2300407.584836084
3,437,0.7771,8.8856,2300407.526489917,2300407.584891084,2300407.601502751
3,438,0.6078,12.6327,2300407.543156250,2300407.601550584,2300407.618169417
3,439,0.7078,12.7402,2300407.559820751,2300407.618236959,2300407.634836084
3,440,0.6157,11.1065,2300407.576487917,2300407.634894417,2300407.651502750
3,441,0.5657,8.7370,2300407.593156709,2300407.651567709,2300407.668169417
3,442,0.5963,11.1944,2300407.609820417,2300407.668218250,2300407.684836084
3,443,0.5533,8.2115,2300407.626489376,2300407.684890626,2300407.701502751
3,444,0.8073,11.1856,2300407.643157167,2300407.701558959,2300407.718169417
3,445,0.6048,10.5215,2300407.659821959,2300407.718227417,2300407.734836084
3,446,0.5993,7.8782,2300407.676488126,2300407.734897917,2300407.751502750
3,447,0.5582,5.9717,2300407.693153334,2300407.751574626,2300407.768169417
3,448,0.5121,9.0913,2300407.709822417,2300407.768226209,2300407.784836084
3,449,0.5543,7.0419,2300407.726486500,2300407.784901876,2300407.801502751
3,450,0.5733,9.9185,2300407.743156042,2300407.801559959,2300407.818169417
3,451,0.5760,10.2693,2300407.759819625,2300407.818235501,2300407.834836084
3,452,0.5815,10.4910,2300407.776488501,2300407.834906459,2300407.851502751
3,453,0.5359,8.7309,2300407.793155167,2300407.851568709,2300407.868169417
3,454,0.5248,9.1582,2300407.809822084,2300407.868218375,2300407.884836084
3,455,0.5404,8.0384,2300407.826487959,2300407.884902625,2300407.901502750
3,456,0.5199,9.5002,2300407.843156125,2300407.901558209,2300407.918169417
3,457,0.5299,9.3053,2300407.859821042,2300407.918235667,2300407.934836084
3,458,0.5362,9.4491,2300407.876488459,2300407.934893334,2300407.951502751
3,459,0.5339,8.9295,2300407.893153792,2300407.951585250,2300407.968169417
3,460,0.5332,7.8285,2300407.909822626,2300407.968212334,2300407.984836084
3,461,0.5115,7.4455,2300407.926487917,2300407.984907250,2300408.001502750
3,462,0.4976,8.7800,2300407.943153875,2300408.001556084,2300408.018169417
3,463,0.5260,8.1144,2300407.959822334,2300408.018235209,2300408.034836084
3,464,0.5205,9.2821,2300407.976489209,2300408.034893334,2300408.051502751
3,465,0.5137,9.0871,2300407.993155459,2300408.051574667,2300408.068169417
3,466,0.5005,7.3420,2300408.009820459,2300408.068229751,2300408.084836084
3,467,0.5600,7.6511,2300408.026486292,2300408.084895167,2300408.101502751
3,468,0.5100,7.4533,2300408.043153292,2300408.101554500,2300408.118169417
3,469,0.5295,7.8137,2300408.059821334,2300408.118223459,2300408.134836084
3,470,0.5340,8.8419,2300408.076486584,2300408.134897626,2300408.151502750
3,471,0.5190,8.8947,2300408.093151126,2300408.151569792,2300408.168169417
3,472,0.4905,7.3908,2300408.109818875,2300408.168237917,2300408.184836084
3,473,0.5488,8.3058,2300408.126486292,2300408.184896500,2300408.201502751
3,474,0.5282,7.7713,2300408.143153292,2300408.201559334,2300408.218169417
3,475,0.5117,8.8050,2300408.159819792,2300408.218250667,2300408.234836084
3,476,0.4908,9.9514,2300408.176485834,2300408.234903959,2300408.251502750
3,477,0.5114,9.7367,2300408.193154376,2300408.251566750,2300408.268169417
3,478,0.5162,7.8186,2300408.209820625,2300408.268210792,2300408.284836084
3,479,0.4998,9.8716,2300408.226484542,2300408.284896126,2300408.301502751
3,480,0.5384,10.4631,2300408.243152917,2300408.301578959,2300408.318169417
3,481,0.5145,10.6504,2300408.259819125,2300408.318229917,2300408.334836084
3,482,0.5060,8.0445,2300408.276485126,2300408.334878209,2300408.351502751
3,483,0.5057,9.5121,2300408.293153792,2300408.351570084,2300408.368169417
3,484,0.5210,8.0180,2300408.309818667,2300408.368223084,2300408.384836084
3,485,0.5183,10.0249,2300408.326483125,2300408.384892959,2300408.401502750
3,486,0.5356,11.3860,2300408.343151042,2300408.401571334,2300408.418169417
3,487,0.5397,11.4024,2300408.359816209,2300408.418227001,2300408.434836084
3,488,0.5341,8.2629,2300408.376486626,2300408.434890667,2300408.451502751
3,489,0.6173,10.4593,2300408.393152334,2300408.451550626,2300408.468169417
3,490,0.5378,8.4425,2300408.409817875,2300408.468221709,2300408.484836084
3,491,0.5387,11.1765,2300408.426482584,2300408.484896917,2300408.501502750
3,492,0.5427,12.8150,2300408.443149167,2300408.501564250,2300408.518169417
3,493,0.5407,13.2339,2300408.459815709,2300408.518231042,2300408.534836084
3,494,0.5092,9.0094,2300408.476484209,2300408.534897042,2300408.551502751
3,495,0.5403,12.9254,2300408.493150625,2300408.551558167,2300408.568169417
3,496,0.5142,9.4315,2300408.509818250,2300408.568227709,2300408.584836084
3,497,0.5450,13.0142,2300408.526483709,2300408.584901334,2300408.601502751
3,498,0.5641,12.4798,2300408.543153584,2300408.601546459,2300408.618169417
3,499,0.5220,9.5004,2300408.559817376,2300408.618224209,2300408.634836084
3,500,0.5055,6.5905,2300408.576482459,2300408.634881125,2300408.651502750
3,501,0.5393,8.3197,2300408.593151042,2300408.651562167,2300408.668169417
3,502,0.5211,6.7568,2300408.609814875,2300408.668224834,2300408.684836084
3,503,0.5246,11.7872,2300408.626484292,2300408.684889209,2300408.701502751
3,504,0.5937,9.0606,2300408.643148084,2300408.701577667,2300408.718169417
3,505,0.5504,7.0628,2300408.659816501,2300408.718233959,2300408.734836084
3,506,0.4976,5.5740,2300408.676482834,2300408.734901292,2300408.751502750
3,507,0.5170,7.4320,2300408.693150084,2300408.751544084,2300408.768169417
3,508,0.7363,8.2039,2300408.709814334,2300408.768234292,2300408.784836084
3,509,0.5578,10.1339,2300408.726482376,2300408.784889126,2300408.801502751
3,510,0.8285,10.4366,2300408.743149209,2300408.801564625,2300408.818169417
3,511,0.5540,10.8302,2300408.759814084,2300408.818244501,2300408.834836084
3,512,0.5020,7.9908,2300408.776482417,2300408.834905292,2300408.851502751
3,513,0.5221,8.6058,2300408.793149501,2300408.851543292,2300408.868169417
3,514,0.5125,8.2458,2300408.809816167,2300408.868220584,2300408.884836084
3,515,0.4760,9.0656,2300408.826481209,2300408.884891001,2300408.901502750
3,516,0.5210,9.2908,2300408.843147959,2300408.901546542,2300408.918169417
3,517,0.5252,9.5977,2300408.859815959,2300408.918216334,2300408.934836084
3,518,0.5596,8.3067,2300408.876482084,2300408.934905917,2300408.951502751
3,519,0.5134,7.9365,2300408.893150084,2300408.951570334,2300408.968169417
3,520,0.7573,8.1970,2300408.909813167,2300408.968234250,2300408.984836084
3,521,0.5840,8.7240,2300408.926479750,2300408.984900751,2300409.001502750
3,522,0.5392,8.7389,2300408.943149542,2300409.001574000,2300409.018169417
3,523,0.5456,9.6141,2300408.959815917,2300409.018232459,2300409.034836084
3,524,0.5253,8.3883,2300408.976480876,2300409.034896626,2300409.051502751
3,525,0.5564,7.3187,2300408.993150292,2300409.051563000,2300409.068169417
3,526,0.5590,8.2790,2300409.009815042,2300409.068230667,2300409.084836084
3,527,0.5207,7.6645,2300409.026479250,2300409.084900334,2300409.101502751
3,528,0.5627,8.9297,2300409.043145792,2300409.101566792,2300409.118169417
3,529,0.5225,9.5211,2300409.059812417,2300409.118228459,2300409.134836084
3,530,0.5308,8.3830,2300409.076481792,2300409.134891125,2300409.151502750
3,531,0.5345,7.5336,2300409.093145542,2300409.151557875,2300409.168169417
3,532,0.5329,8.6797,2300409.109814167,2300409.168230042,2300409.184836084
3,533,0.5250,7.8285,2300409.126478751,2300409.184894042,2300409.201502751
3,534,0.5450,9.1938,2300409.143146167,2300409.201567167,2300409.218169417
3,535,0.5380,10.0357,2300409.159811792,2300409.218238542,2300409.234836084
3,536,0.5361,10.3558,2300409.176480334,2300409.234902709,2300409.251502750
3,537,0.5028,7.8285,2300409.193147292,2300409.251555625,2300409.268169417
3,538,0.5143,10.1852,2300409.209815584,2300409.268236501,2300409.284836084
3,539,0.4961,8.2883,2300409.226480792,2300409.284893000,2300409.301502751
3,540,0.5319,10.9560,2300409.243147251,2300409.301569584,2300409.318169417
3,541,0.5310,11.6572,2300409.259813959,2300409.318224167,2300409.334836084
3,542,0.5251,11.3424,2300409.276479750,2300409.334907709,2300409.351502751
3,543,0.5250,8.9985,2300409.293145084,2300409.351564084,2300409.368169417
3,544,0.5165,11.7935,2300409.309814084,2300409.368231542,2300409.384836084
3,545,0.5276,9.0490,2300409.326479792,2300409.384875334,2300409.401502750
3,546,0.5579,12.6448,2300409.343144125,2300409.401564125,2300409.418169417
3,547,0.5534,13.0186,2300409.359812376,2300409.418231959,2300409.434836084
3,548,0.5500,13.1448,2300409.376478751,2300409.434902084,2300409.451502751
3,549,0.5534,9.3707,2300409.393143917,2300409.451570667,2300409.468169417
3,550,0.5598,12.7500,2300409.409812667,2300409.468228959,2300409.484836084
3,551,0.5511,9.4952,2300409.426477501,2300409.484910709,2300409.501502750
3,552,0.5346,12.5475,2300409.443143584,2300409.501566500,2300409.518169417
3,553,0.5388,13.4325,2300409.459812667,2300409.518216084,2300409.534836084
3,554,0.5013,13.4705,2300409.476480167,2300409.534876167,2300409.551502751
3,555,0.4620,12.7329,2300409.493145750,2300409.551558209,2300409.568169417
3,556,0.4929,12.1952,2300409.509809875,2300409.568220042,2300409.584836084
3,557,0.4585,12.6643,2300409.526478292,2300409.584875876,2300409.601502751
3,558,0.5058,10.7858,2300409.543147084,2300409.601554417,2300409.618169417
3,559,0.5159,10.7378,2300409.559811542,2300409.618228251,2300409.634836084
3,560,0.5080,10.5473,2300409.576477751,2300409.634883667,2300409.651502750
3,561,0.4914,7.7248,2300409.593142751,2300409.651559126,2300409.668169417
3,562,0.6766,11.0508,2300409.609809292,2300409.668227209,2300409.684836084
3,563,0.5477,7.7874,2300409.626479042,2300409.684895126,2300409.701502751
3,564,0.4858,10.2102,2300409.643144917,2300409.701540167,2300409.718169417
3,565,0.5095,10.9936,2300409.659811334,2300409.718223209,2300409.734836084
3,566,0.5052,9.7795,2300409.676477209,2300409.734897500,2300409.751502750
3,567,0.4857,8.1927,2300409.693143792,2300409.751557584,2300409.768169417
3,568,0.5289,8.8674,2300409.709811334,2300409.768230875,2300409.784836084
3,569,0.5050,7.8987,2300409.726477126,2300409.784889959,2300409.801502751
3,570,0.5186,9.1220,2300409.743143792,2300409.801544917,2300409.818169417
3,571,0.4934,9.3268,2300409.759810167,2300409.818222542,2300409.834836084
3,572,0.5009,8.3989,2300409.776476084,2300409.834888667,2300409.851502751
3,573,0.5016,8.9185,2300409.793141667,2300409.851565501,2300409.868169417
3,574,0.4975,8.8746,2300409.809808209,2300409.868219667,2300409.884836084
3,575,0.5189,11.5991,2300409.826475792,2300409.884886000,2300409.901502750
3,576,0.4915,9.5185,2300409.843144667,2300409.901555042,2300409.918169417
3,577,0.5008,9.5379,2300409.859810250,2300409.918233917,2300409.934836084
3,578,0.5354,8.9450,2300409.876476751,2300409.934893584,2300409.951502751
3,579,0.5109,8.1838,2300409.893142875,2300409.951553001,2300409.968169417
3,580,0.5019,8.3641,2300409.909810292,2300409.968211000,2300409.984836084
3,581,0.5359,7.5639,2300409.926476376,2300409.984906001,2300410.001502750
3,582,0.4944,8.0724,2300409.943142709,2300410.001555417,2300410.018169417
3,583,0.5368,8.2700,2300409.959809917,2300410.018216917,2300410.034836084
3,584,0.5406,8.9921,2300409.976475667,2300410.034893459,2300410.051502751
3,585,0.5455,8.7906,2300409.993143001,2300410.051565584,2300410.068169417
3,586,0.4934,7.5298,2300410.009810792,2300410.068217917,2300410.084836084
3,587,0.5431,7.3186,2300410.026474792,2300410.084882542,2300410.101502751
3,588,0.5523,7.5255,2300410.043143084,2300410.101548959,2300410.118169417
3,589,0.5417,8.0888,2300410.059806834,2300410.118228709,2300410.134836084
3,590,0.5417,8.8444,2300410.076477292,2300410.134893417,2300410.151502750
3,591,0.5683,9.1137,2300410.093140042,2300410.151565167,2300410.168169417
3,592,0.5286,7.3182,2300410.109808209,2300410.168223876,2300410.184836084
3,593,0.5742,8.1956,2300410.126473126,2300410.184891917,2300410.201502751
3,594,0.5805,7.5059,2300410.143139834,2300410.201562875,2300410.218169417
3,595,0.5687,8.8431,2300410.159806251,2300410.218225667,2300410.234836084
3,596,0.5537,9.7511,2300410.176473751,2300410.234891292,2300410.251502750
3,597,0.5683,9.5587,2300410.193142626,2300410.251572417,2300410.268169417
3,598,0.5466,7.7431,2300410.209806042,2300410.268216417,2300410.284836084
3,599,0.5586,10.1735,2300410.226475292,2300410.284888709,2300410.301502751
3,600,0.5502,10.4402,2300410.243142250,2300410.301549209,2300410.318169417
3,601,0.5406,10.0377,2300410.259808459,2300410.318223167,2300410.334836084
3,602,0.5245,7.6299,2300410.276473959,2300410.334874501,2300410.351502751
3,603,0.5418,9.8928,2300410.293141042,2300410.351568751,2300410.368169417
3,604,0.5142,8.1059,2300410.309807459,2300410.368217250,2300410.384836084
3,605,0.5207,11.2300,2300410.326473625,2300410.384886417,2300410.401502750
3,606,0.5313,11.7253,2300410.343142959,2300410.401558584,2300410.418169417
3,607,0.5321,12.3301,2300410.359807042,2300410.418221501,2300410.434836084
3,608,0.5182,8.5808,2300410.376472251,2300410.434891084,2300410.451502751
3,609,0.5266,12.2593,2300410.393140334,2300410.451550250,2300410.468169417
3,610,0.5110,8.5881,2300410.409804834,2300410.468208959,2300410.484836084
3,611,0.5933,12.9203,2300410.426471459,2300410.484884542,2300410.501502750
3,612,0.5985,13.1795,2300410.443138417,2300410.501547751,2300410.518169417
3,613,0.5871,12.6713,2300410.459807042,2300410.518228292,2300410.534836084
3,614,0.5254,8.6396,2300410.476473834,2300410.534876959,2300410.551502751
3,615,0.5428,12.2124,2300410.493141417,2300410.551556959,2300410.568169417
3,616,0.5146,8.9020,2300410.509804334,2300410.568224376,2300410.584836084
3,617,0.5495,12.0925,2300410.526470917,2300410.584881667,2300410.601502751
3,618,0.8021,12.6139,2300410.543140709,2300410.601555334,2300410.618169417
3,619,0.6014,9.0190,2300410.559804084,2300410.618236084,2300410.634836084
3,620,0.5366,5.5461,2300410.576472709,2300410.634887959,2300410.651502750
3,621,0.5315,7.3925,2300410.593140251,2300410.651554709,2300410.668169417
3,622,0.5489,6.0255,2300410.609803751,2300410.668198834,2300410.684803542
3,623,0.6215,8.1151,2300410.626470334,2300410.684859709,2300410.701470209
3,624,0.5815,10.1126,2300410.643136876,2300410.701527584,2300410.718136875
3,625,0.6117,9.8072,2300410.659803417,2300410.718210834,2300410.734803542
3,626,0.5669,8.0958,2300410.676470084,2300410.734868500,2300410.751470209
3,627,0.5528,9.7146,2300410.693138959,2300410.751533042,2300410.768136876
3,628,0.5599,8.1860,2300410.709806250,2300410.768202292,2300410.784803542
3,629,0.5545,9.8421,2300410.726469792,2300410.784859126,2300410.801470209
3,630,0.5613,10.2471,2300410.743137917,2300410.801531501,2300410.818136876
3,631,0.5417,9.3437,2300410.759805625,2300410.818202334,2300410.834803542
3,632,0.5676,8.7855,2300410.776470751,2300410.834870167,2300410.851470209
3,633,0.5398,8.7558,2300410.793138876,2300410.851532125,2300410.868136875
3,634,0.5754,8.7942,2300410.809805542,2300410.868200709,2300410.884803542
3,635,0.5557,8.9669,2300410.826471042,2300410.884870626,2300410.901470209
3,636,0.5785,9.0828,2300410.843137792,2300410.901538084,2300410.918136876
3,637,0.5786,9.6546,2300410.859803584,2300410.918209251,2300410.934803542
3,638,0.5655,9.2939,2300410.876470417,2300410.934871084,2300410.951470209
3,639,0.5399,8.4743,2300410.893135501,2300410.951539917,2300410.968136875
4,32,1.1834,8.4702,2300411.443134584,2300411.501523667,2300411.518136876
4,33,1.2314,7.8071,2300411.459801251,2300411.518189584,2300411.534803542
4,34,1.2366,7.6122,2300411.476466751,2300411.534859084,2300411.551470209
4,35,1.1635,5.6022,2300411.493135167,2300411.551519667,2300411.568136876
4,36,1.1672,7.9333,2300411.509801709,2300411.568207126,2300411.584803542
4,37,1.1845,6.2719,2300411.526467834,2300411.584866875,2300411.601470209
4,38,1.1795,9.8967,2300411.543134792,2300411.601531292,2300411.618136875
4,39,1.1636,13.0416,2300411.559798501,2300411.618200417,2300411.634803542
4,40,1.1854,14.7457,2300411.576466667,2300411.634874459,2300411.651470209
4,41,1.4782,11.6878,2300411.593133500,2300411.651547667,2300411.668136876
4,42,1.2637,13.3675,2300411.609798167,2300411.668208084,2300411.684803542
4,43,1.2096,11.7105,2300411.626467001,2300411.684868625,2300411.701470209
4,44,1.1808,13.3617,2300411.643133792,2300411.701521542,2300411.718136875
4,45,1.1991,16.4353,2300411.659800584,2300411.718216876,2300411.734803542
4,46,1.1297,15.7423,2300411.676466250,2300411.734861292,2300411.751470209
4,47,1.1366,12.7638,2300411.693131084,2300411.751541209,2300411.768136876
4,48,1.1201,12.9771,2300411.709797625,2300411.768192834,2300411.784803542
4,49,1.0987,12.6026,2300411.726466501,2300411.784864625,2300411.801470209
4,50,1.0813,12.5917,2300411.743130834,2300411.801533667,2300411.818136876
4,51,1.1098,14.6455,2300411.759797376,2300411.818199209,2300411.834803542
4,52,1.1582,15.2956,2300411.776466000,2300411.834866167,2300411.851470209
4,53,1.1220,13.0923,2300411.793130459,2300411.851543917,2300411.868136875
4,54,1.0978,11.3004,2300411.809800292,2300411.868186750,2300411.884803542
4,55,1.0626,11.6814,2300411.826465751,2300411.884865126,2300411.901470209
4,56,1.0882,11.2731,2300411.843130250,2300411.901522584,2300411.918136876
4,57,1.1153,13.2868,2300411.859799459,2300411.918199376,2300411.934803542
4,58,1.1048,13.4292,2300411.876465001,2300411.934865834,2300411.951470209
4,59,1.1793,12.0549,2300411.893130959,2300411.951544084,2300411.968136875
4,60,1.1415,9.7203,2300411.909799250,2300411.968196417,2300411.984803542
4,61,1.2002,10.9346,2300411.926464167,2300411.984871334,2300412.001470209
4,62,1.1474,10.2522,2300411.943133334,2300412.001542251,2300412.018136876
4,63,1.1731,12.3766,2300411.959798584,2300412.018199917,2300412.034803542
4,64,1.0753,12.9780,2300411.976464501,2300412.034861334,2300412.051470209
4,65,1.1718,12.0941,2300411.993131251,2300412.051532209,2300412.068136876
4,66,1.1880,9.3391,2300412.009797875,2300412.068193084,2300412.084803542
4,67,1.1707,11.3801,2300412.026462500,2300412.084869792,2300412.101470209
4,68,1.1390,11.6771,2300412.043131709,2300412.101534542,2300412.118136875
4,69,1.1333,10.8015,2300412.059797917,2300412.118193084,2300412.134803542
4,70,1.0679,8.7638,2300412.076464167,2300412.134856917,2300412.151470209
4,71,1.1103,10.2518,2300412.093130792,2300412.151530417,2300412.168136876
4,72,1.1293,9.3428,2300412.109797834,2300412.168199417,2300412.184803542
4,73,1.1314,10.6639,2300412.126465125,2300412.184861042,2300412.201470209
4,74,1.0649,12.6277,2300412.143131459,2300412.201533542,2300412.218136875
4,75,1.0883,10.5691,2300412.159797834,2300412.218199376,2300412.234803542
4,76,1.0774,8.7359,2300412.176465209,2300412.234853917,2300412.251470209
4,77,1.1201,11.5246,2300412.193131001,2300412.251528584,2300412.268136876
4,78,1.0832,12.2309,2300412.209797917,2300412.268194709,2300412.284803542
4,79,1.1117,11.9558,2300412.226463709,2300412.284863750,2300412.301470209
4,80,1.1414,12.5709,2300412.243129542,2300412.301525792,2300412.318136876
4,81,1.0818,12.9453,2300412.259796292,2300412.318194751,2300412.334803542
4,82,1.0912,9.4460,2300412.276462292,2300412.334867209,2300412.351470209
4,83,1.1013,12.3886,2300412.293129792,2300412.351549167,2300412.368136875
4,84,1.0908,9.8524,2300412.309796959,2300412.368189751,2300412.384803542
4,85,1.1017,13.0864,2300412.326460834,2300412.384846501,2300412.401470209
4,86,1.1681,13.0515,2300412.343127459,2300412.401519959,2300412.418136876
4,87,1.1818,14.1199,2300412.359794001,2300412.418197501,2300412.434803542
4,88,1.1473,10.7548,2300412.376462126,2300412.434879042,2300412.451470209
4,89,1.1081,13.7764,2300412.393127167,2300412.451532834,2300412.468136875
4,90,1.1495,10.7104,2300412.409793667,2300412.468194875,2300412.484803542
4,91,1.1527,14.1551,2300412.426462334,2300412.484869209,2300412.501470209
4,92,1.0854,14.6589,2300412.443126834,2300412.501529876,2300412.518136876
4,93,1.2759,14.6380,2300412.459798084,2300412.518202626,2300412.534803542
4,94,1.1479,13.7775,2300412.476460042,2300412.534871584,2300412.551470209
4,95,1.1458,14.0236,2300412.493126584,2300412.551524584,2300412.568136876
4,96,1.0630,13.4497,2300412.509793167,2300412.568193417,2300412.584803542
4,97,1.1438,12.5762,2300412.526459709,2300412.584840084,2300412.601470209
4,98,1.1285,12.6359,2300412.543127626,2300412.601519334,2300412.618136875
4,99,1.1414,12.6908,2300412.559795876,2300412.618201709,2300412.634803542
4,100,1.1240,8.7649,2300412.576460375,2300412.634861792,2300412.651470209
4,101,1.2222,11.8115,2300412.593126084,2300412.651540042,2300412.668136876
4,102,1.1885,9.1865,2300412.609792626,2300412.668205875,2300412.684803542
4,103,1.1486,11.8157,2300412.626459167,2300412.684866917,2300412.701470209
4,104,1.2706,12.2324,2300412.643125751,2300412.701543709,2300412.718136875
4,105,1.1601,12.9306,2300412.659792292,2300412.718202167,2300412.734803542
4,106,1.2000,10.0725,2300412.676459751,2300412.734871625,2300412.751470209
4,107,1.2966,12.6835,2300412.693128959,2300412.751527792,2300412.768136876
4,108,1.1237,10.2355,2300412.709793125,2300412.768187667,2300412.784803542
4,109,1.1021,11.1951,2300412.726460501,2300412.784864209,2300412.801470209
4,110,1.1246,10.2698,2300412.743125167,2300412.801524626,2300412.818136876
4,111,1.1237,9.5721,2300412.759794792,2300412.818197500,2300412.834803542
4,112,1.3738,7.1420,2300412.776458334,2300412.834876625,2300412.851470209
4,113,1.1931,8.5517,2300412.793124917,2300412.851540876,2300412.868136875
4,114,1.0838,8.9478,2300412.809791501,2300412.868203626,2300412.884803542
4,115,1.0807,12.1344,2300412.826460334,2300412.884863167,2300412.901470209
4,116,1.1675,11.0469,2300412.843125626,2300412.901537500,2300412.918136876
4,117,1.1205,12.8489,2300412.859793542,2300412.918206334,2300412.934803542
4,118,1.0896,9.5864,2300412.876460126,2300412.934867459,2300412.951470209
4,119,1.0868,10.1549,2300412.893125917,2300412.951530792,2300412.968136875
4,120,1.1560,9.1064,2300412.909793001,2300412.968205250,2300412.984803542
4,121,1.1374,11.2422,2300412.926458584,2300412.984862292,2300413.001470209
4,122,1.1349,11.3544,2300412.943125250,2300413.001527209,2300413.018136876
4,123,1.1641,12.0485,2300412.959793709,2300413.018198209,2300413.034803542
4,124,1.1202,11.8395,2300412.976459626,2300413.034855709,2300413.051470209
4,125,1.1957,8.9785,2300412.993126042,2300413.051533542,2300413.068136876
4,126,1.1942,9.1500,2300413.009790375,2300413.068213084,2300413.084803542
4,127,1.1700,9.7358,2300413.026461375,2300413.084869292,2300413.101470209
4,128,1.1035,10.3086,2300413.043123542,2300413.101534876,2300413.118136875
4,129,1.0804,12.0089,2300413.059790042,2300413.118214251,2300413.134803542
4,130,1.0836,11.4005,2300413.076458167,2300413.134857834,2300413.151470209
4,131,1.0981,8.4956,2300413.093125125,2300413.151531209,2300413.168136876
4,132,1.0819,10.0215,2300413.109791751,2300413.168201959,2300413.184803542
4,133,1.0808,8.9950,2300413.126457542,2300413.184864417,2300413.201470209
4,134,1.1364,11.2080,2300413.143123000,2300413.201529792,2300413.218136875
4,135,1.1268,12.4814,2300413.159791584,2300413.218197750,2300413.234803542
4,136,1.0532,11.2762,2300413.176459792,2300413.234868292,2300413.251470209
4,137,1.0420,8.6868,2300413.193125042,2300413.251524501,2300413.268136876
4,138,1.1144,9.6480,2300413.209789334,2300413.268206959,2300413.284803542
4,139,1.0759,8.8560,2300413.226457542,2300413.284854084,2300413.301470209
4,140,1.1209,9.7324,2300413.243124584,2300413.301540709,2300413.318136876
4,141,1.1308,10.9994,2300413.259791084,2300413.318190167,2300413.334803542
4,142,1.0518,11.1679,2300413.276457959,2300413.334860500,2300413.351470209
4,143,1.0208,8.3042,2300413.293124751,2300413.351522625,2300413.368136875
4,144,1.0607,11.6776,2300413.309791834,2300413.368201125,2300413.384803542
4,145,1.0711,9.0139,2300413.326457667,2300413.384857792,2300413.401470209
4,146,1.1289,12.4461,2300413.343121917,2300413.401518250,2300413.418136876
4,147,1.1645,13.2317,2300413.359790667,2300413.418195917,2300413.434803542
4,148,1.4106,13.7549,2300413.376457375,2300413.434876417,2300413.451470209
4,149,1.1427,9.6097,2300413.393126167,2300413.451538209,2300413.468136875
4,150,1.2753,13.4712,2300413.409789792,2300413.468193334,2300413.484803542
4,151,1.1631,10.6300,2300413.426457000,2300413.484872834,2300413.501470209
4,152,1.1079,13.9021,2300413.443124167,2300413.501535417,2300413.518136876
4,153,1.0691,14.2308,2300413.459787834,2300413.518195501,2300413.534803542
4,154,1.1236,14.0245,2300413.476457376,2300413.534866125,2300413.551470209
4,155,1.1062,9.1360,2300413.493124876,2300413.551530209,2300413.568136876
4,156,1.1359,11.9422,2300413.509789792,2300413.568191667,2300413.584803542
4,157,1.0987,7.0885,2300413.526456584,2300413.584863625,2300413.601470209
4,158,1.1566,9.6293,2300413.543123000,2300413.601526292,2300413.618136875
4,159,1.1683,7.2156,2300413.559787334,2300413.618218417,2300413.634803542
4,160,1.1201,7.2424,2300413.576455500,2300413.634870251,2300413.651470209
4,161,1.1172,6.3852,2300413.593123917,2300413.651551542,2300413.668136876
4,162,1.0808,8.7962,2300413.609787000,2300413.668198667,2300413.684803542
4,163,1.0967,8.9365,2300413.626455584,2300413.684873084,2300413.701470209
4,164,1.1426,13.0679,2300413.643122417,2300413.701527751,2300413.718136875
4,165,1.1024,12.9300,2300413.659788376,2300413.718206375,2300413.734803542
4,166,1.1205,12.7994,2300413.676453334,2300413.734881209,2300413.751470209
4,167,1.0660,9.6928,2300413.693121792,2300413.751539667,2300413.768136876
4,168,1.1149,12.0699,2300413.709789751,2300413.768189000,2300413.784803542
4,169,1.1059,9.4716,2300413.726455167,2300413.784875000,2300413.801470209
4,170,1.0794,12.1294,2300413.743121792,2300413.801529584,2300413.818136876
4,171,1.1138,11.9392,2300413.759788417,2300413.818197167,2300413.834803542
4,172,1.1320,11.4119,2300413.776454084,2300413.834871417,2300413.851470209
4,173,1.1305,10.5447,2300413.793122459,2300413.851541250,2300413.868136875
4,174,1.1359,10.4835,2300413.809789167,2300413.868188750,2300413.884803542
4,175,1.1305,10.0055,2300413.826454125,2300413.884875459,2300413.901470209
4,176,1.0933,11.4709,2300413.843120626,2300413.901524000,2300413.918136876
4,177,1.1262,12.6465,2300413.859788542,2300413.918198209,2300413.934803542
4,178,1.1283,11.2348,2300413.876453750,2300413.934866542,2300413.951470209
4,179,1.1174,10.5939,2300413.893120375,2300413.951545292,2300413.968136875
4,180,1.1055,9.3180,2300413.909787167,2300413.968196917,2300413.984803542
4,181,1.1652,9.9221,2300413.926451917,2300413.984869084,2300414.001470209
4,182,1.2063,9.6563,2300413.943120792,2300414.001522792,2300414.018136876
4,183,1.2572,10.2404,2300413.959787459,2300414.018198959,2300414.034803542
4,184,1.1836,10.0932,2300413.976453250,2300414.034865417,2300414.051470209
4,185,1.1839,9.1493,2300413.993120084,2300414.051539167,2300414.068136876
4,186,1.1898,9.1306,2300414.009787542,2300414.068200709,2300414.084803542
4,187,1.2014,9.4929,2300414.026455001,2300414.084863584,2300414.101470209
4,188,1.1764,9.2305,2300414.043120292,2300414.101535417,2300414.118136875
4,189,1.2060,10.1790,2300414.059786750,2300414.118207209,2300414.134803542
4,190,1.1359,10.2161,2300414.076451042,2300414.134860584,2300414.151470209
4,191,1.1474,9.3616,2300414.093117667,2300414.151549500,2300414.168136876
4,192,1.0717,8.5726,2300414.109784209,2300414.168195209,2300414.184803542
4,193,1.1198,8.9022,2300414.126453292,2300414.184871126,2300414.201470209
4,194,1.1038,9.0427,2300414.143119417,2300414.201512959,2300414.218136875
4,195,1.1538,9.8566,2300414.159783917,2300414.218206209,2300414.234803542
4,196,1.1509,8.5396,2300414.176452417,2300414.234857084,2300414.251470209
4,197,1.1463,9.2028,2300414.193119292,2300414.251526251,2300414.268136876
4,198,1.1812,8.3936,2300414.209783667,2300414.268209709,2300414.284803542
4,199,1.1655,9.3560,2300414.226452417,2300414.284871167,2300414.301470209
4,200,1.1693,10.0868,2300414.243116792,2300414.301535834,2300414.318136876
4,201,1.1768,10.3408,2300414.259783500,2300414.318199626,2300414.334803542
4,202,1.1898,8.6125,2300414.276449959,2300414.334875626,2300414.351470209
4,203,1.1565,10.9574,2300414.293119376,2300414.351541751,2300414.368136875
4,204,1.1384,8.6635,2300414.309785417,2300414.368195750,2300414.384803542
4,205,1.1987,11.6745,2300414.326451334,2300414.384849500,2300414.401470209
4,206,1.1924,11.9984,2300414.343116250,2300414.401528542,2300414.418136876
4,207,1.1428,12.1736,2300414.359785209,2300414.418187209,2300414.434803542
4,208,1.0865,8.8098,2300414.376449584,2300414.434861917,2300414.451470209
4,209,1.1945,12.7167,2300414.393118209,2300414.451536250,2300414.468136875
4,210,1.2590,9.6076,2300414.409782500,2300414.468211959,2300414.484803542
4,211,1.2382,12.7566,2300414.426449126,2300414.484868917,2300414.501470209
4,212,1.2946,13.5828,2300414.443117917,2300414.501520459,2300414.518136876
4,213,1.3979,13.7749,2300414.459785667,2300414.518201292,2300414.534803542
4,214,1.1555,10.0117,2300414.476450792,2300414.534875250,2300414.551470209
4,215,1.1638,13.1098,2300414.493120001,2300414.551546459,2300414.568136876
4,216,1.1165,10.0729,2300414.509783834,2300414.568194001,2300414.584803542
4,217,1.1984,13.8819,2300414.526448584,2300414.584865876,2300414.601470209
4,218,1.3115,14.1635,2300414.543115084,2300414.601510375,2300414.618136875
4,219,1.1719,13.9857,2300414.559784792,2300414.618194084,2300414.634803542
4,220,1.0225,8.0818,2300414.576450375,2300414.634872376,2300414.651470209
4,221,1.0816,10.1179,2300414.593116792,2300414.651536709,2300414.668136876
4,222,1.0677,7.2211,2300414.609781459,2300414.668193459,2300414.684803542
4,223,1.2175,10.8865,2300414.626447959,2300414.684858334,2300414.701470209
4,224,1.2017,10.6977,2300414.643116334,2300414.701537000,2300414.718136875
4,225,1.1670,8.7805,2300414.659781125,2300414.718209667,2300414.734803542
4,226,1.1915,5.7817,2300414.676449250,2300414.734867209,2300414.751470209
4,227,1.1846,7.2540,2300414.693116376,2300414.751514292,2300414.768136876
4,228,1.1769,6.3013,2300414.709783292,2300414.768192084,2300414.784803542
4,229,1.1849,11.1724,2300414.726450126,2300414.784862084,2300414.801470209
4,230,1.1884,13.2250,2300414.743114001,2300414.801527334,2300414.818136876
4,231,1.1316,12.7437,2300414.759780584,2300414.818197417,2300414.834803542
4,232,1.1275,9.6785,2300414.776447209,2300414.834861834,2300414.851470209
4,233,1.1153,10.9823,2300414.793113709,2300414.851520000,2300414.868136875
4,234,1.1453,9.0185,2300414.809782750,2300414.868191876,2300414.884803542
4,235,1.0858,13.0673,2300414.826448667,2300414.884852584,2300414.901470209
4,236,1.1697,13.2389,2300414.843113625,2300414.901516000,2300414.918136876
4,237,1.1492,12.4723,2300414.859780042,2300414.918191542,2300414.934803542
4,238,1.1337,9.6623,2300414.876448834,2300414.934864834,2300414.951470209
4,239,1.1141,8.8783,2300414.893115000,2300414.951513584,2300414.968136875
4,240,1.1338,8.4703,2300414.909781584,2300414.968199042,2300414.984803542
4,241,1.0739,9.3245,2300414.926448917,2300414.984856750,2300415.001470209
4,242,1.1080,8.8804,2300414.943114500,2300415.001525626,2300415.018136876
4,243,1.1869,9.9608,2300414.959779459,2300415.018195834,2300415.034803542
4,244,1.1644,8.6004,2300414.976447292,2300415.034857667,2300415.051470209
4,245,1.1806,8.7124,2300414.993115126,2300415.051523126,2300415.068136876
4,246,1.1810,8.0743,2300415.009781376,2300415.068190709,2300415.084803542
4,247,1.1242,8.3283,2300415.026446709,2300415.084852167,2300415.101470209
4,248,1.2110,8.6011,2300415.043116000,2300415.101524042,2300415.118136875
4,249,1.2040,8.4211,2300415.059780834,2300415.118195084,2300415.134803542
4,250,1.0429,8.4660,2300415.076445459,2300415.134874334,2300415.151470209
4,251,1.1459,7.9393,2300415.093113501,2300415.151531084,2300415.168136876
4,252,1.1976,7.8620,2300415.109778625,2300415.168193292,2300415.184803542
4,253,1.1519,7.8457,2300415.126445167,2300415.184863834,2300415.201470209
4,254,1.4120,8.7532,2300415.143113042,2300415.201535751,2300415.218136875
4,255,1.2098,10.1362,2300415.159778334,2300415.218189834,2300415.234803542
4,256,1.2797,10.1022,2300415.176446209,2300415.234866001,2300415.251470209
4,257,1.1510,8.3391,2300415.193111501,2300415.251528251,2300415.268136876
4,258,1.1603,9.5972,2300415.209781459,2300415.268183084,2300415.284803542
4,259,1.1300,8.3723,2300415.226447626,2300415.284853750,2300415.301470209
4,260,1.1802,10.8075,2300415.243113792,2300415.301530334,2300415.318136876
4,261,1.1499,10.9847,2300415.259779917,2300415.318202792,2300415.334803542
4,262,1.1505,11.7110,2300415.276444417,2300415.334865792,2300415.351470209
4,263,1.0710,8.5707,2300415.293110917,2300415.351526084,2300415.368136875
4,264,1.1126,11.8418,2300415.309779501,2300415.368178750,2300415.384803542
4,265,1.1281,9.0255,2300415.326445167,2300415.384840834,2300415.401470209
4,266,1.1457,12.2088,2300415.343113709,2300415.401517834,2300415.418136876
4,267,1.1377,12.9437,2300415.359779542,2300415.418200125,2300415.434803542
4,268,1.0880,12.9386,2300415.376446126,2300415.434862042,2300415.451470209
4,269,1.0920,9.3967,2300415.393110375,2300415.451529834,2300415.468136875
4,270,1.1135,13.3025,2300415.409779042,2300415.468196667,2300415.484803542
4,271,1.1002,10.0622,2300415.426443542,2300415.484863375,2300415.501470209
4,272,1.0811,13.2636,2300415.443110084,2300415.501534584,2300415.518136876
4,273,1.1379,14.1385,2300415.459778251,2300415.518180167,2300415.534803542
4,274,1.1171,13.6050,2300415.476443209,2300415.534855667,2300415.551470209
4,275,1.0204,13.9512,2300415.493109875,2300415.551527751,2300415.568136876
4,276,1.1126,13.1221,2300415.509779584,2300415.568194751,2300415.584803542
4,277,1.0508,9.5504,2300415.526443000,2300415.584859625,2300415.601470209
4,278,1.2635,11.8888,2300415.543109500,2300415.601515376,2300415.618136875
4,279,1.2291,12.6123,2300415.559778001,2300415.618197292,2300415.634803542
4,280,1.1460,12.5044,2300415.576444459,2300415.634866500,2300415.651470209
4,281,1.1385,8.7953,2300415.593111542,2300415.651542000,2300415.668136876
4,282,1.0872,11.8463,2300415.609775792,2300415.668188667,2300415.684803542
4,283,1.0876,9.2404,2300415.626443917,2300415.684862209,2300415.701470209
4,284,1.0986,11.9334,2300415.643110751,2300415.701531709,2300415.718136875
4,285,1.1134,12.6178,2300415.659778167,2300415.718193667,2300415.734803542
4,286,1.1179,11.6077,2300415.676443917,2300415.734865709,2300415.751470209
4,287,1.0983,8.8984,2300415.693108667,2300415.751533834,2300415.768136876
4,288,1.1225,11.5445,2300415.709779542,2300415.768184917,2300415.784803542
4,289,1.1144,9.1800,2300415.726441834,2300415.784856501,2300415.801470209
4,290,1.0914,11.7117,2300415.743108459,2300415.801526667,2300415.818136876
4,291,1.1158,10.8953,2300415.759775001,2300415.818201209,2300415.834803542
4,292,1.1272,10.4800,2300415.776443625,2300415.834855417,2300415.851470209
4,293,1.1387,8.7726,2300415.793108126,2300415.851523709,2300415.868136875
4,294,1.1569,9.7600,2300415.809777792,2300415.868194709,2300415.884803542
4,295,1.1163,8.7950,2300415.826441376,2300415.884858542,2300415.901470209
4,296,1.0777,9.3148,2300415.843107834,2300415.901520709,2300415.918136876
4,297,1.1439,9.6755,2300415.859776417,2300415.918200667,2300415.934803542
4,298,1.1758,9.8329,2300415.876441000,2300415.934865167,2300415.951470209
4,299,1.1208,8.7796,2300415.893110001,2300415.951539917,2300415.968136875
4,300,1.0519,8.8826,2300415.909776750,2300415.968196417,2300415.984803542
4,301,1.1272,8.5998,2300415.926441917,2300415.984875334,2300416.001470209
4,302,1.0703,8.7304,2300415.943109417,2300416.001527209,2300416.018136876
4,303,1.1739,8.2273,2300415.959773917,2300416.018194792,2300416.034803542
4,304,1.1330,8.2596,2300415.976442042,2300416.034870001,2300416.051470209
4,305,1.1180,7.7865,2300415.993109459,2300416.051528250,2300416.068136876
4,306,1.1215,7.9431,2300416.009776376,2300416.068190000,2300416.084803542
4,307,1.1258,8.7002,2300416.026442626,2300416.084865667,2300416.101470209
4,308,1.1137,7.9591,2300416.043108917,2300416.101531500,2300416.118136875
4,309,1.1269,9.0756,2300416.059776250,2300416.118192459,2300416.134803542
4,310,1.1008,9.5426,2300416.076439959,2300416.134859667,2300416.151470209
4,311,1.1767,9.4161,2300416.093106417,2300416.151529375,2300416.168136876
4,312,1.1459,8.4678,2300416.109773001,2300416.168192584,2300416.184803542
4,313,1.1192,9.5626,2300416.126439542,2300416.184865792,2300416.201470209
4,314,1.1127,10.2450,2300416.143106167,2300416.201532001,2300416.218136875
4,315,1.1450,10.8559,2300416.159774542,2300416.218187542,2300416.234803542
4,316,1.1444,8.7553,2300416.176440292,2300416.234854709,2300416.251470209
4,317,1.1419,9.6271,2300416.193109501,2300416.251538834,2300416.268136876
4,318,1.1377,8.6110,2300416.209777126,2300416.268189709,2300416.284803542
4,319,1.1722,10.6695,2300416.226439042,2300416.284871334,2300416.301470209
4,320,1.1271,11.5181,2300416.243106834,2300416.301524542,2300416.318136876
4,321,1.1500,11.5030,2300416.259773834,2300416.318192667,2300416.334803542
4,322,1.4977,9.1994,2300416.276438750,2300416.334859834,2300416.351470209
4,323,1.1640,12.1342,2300416.293108126,2300416.351528084,2300416.368136875
4,324,1.1454,9.1335,2300416.309775417,2300416.368198000,2300416.384803542
4,325,1.0915,12.6434,2300416.326440334,2300416.384858459,2300416.401470209
4,326,1.2555,13.6535,2300416.343107459,2300416.401526917,2300416.418136876
4,327,1.2108,13.8524,2300416.359774709,2300416.418195792,2300416.434803542
4,328,1.0880,10.1389,2300416.376438209,2300416.434868375,2300416.451470209
4,329,1.1247,13.4503,2300416.393104834,2300416.451533375,2300416.468136875
4,330,1.1923,9.9818,2300416.409773542,2300416.468192542,2300416.484803542
4,331,1.1923,13.2854,2300416.426439334,2300416.484867125,2300416.501470209
4,332,1.1837,13.4273,2300416.443106042,2300416.501565667,2300416.518136876
4,333,1.1018,13.7530,2300416.459773376,2300416.518191959,2300416.534803542
4,334,1.0302,9.0684,2300416.476441292,2300416.534868709,2300416.551470209
4,335,1.2056,11.2220,2300416.493107334,2300416.551524500,2300416.568136876
4,336,1.2211,8.1748,2300416.509773375,2300416.568209667,2300416.584803542
4,337,1.3334,11.8156,2300416.526438750,2300416.584856542,2300416.601470209
4,338,1.1833,10.7113,2300416.543106376,2300416.601516292,2300416.618136875
4,339,1.1793,7.4039,2300416.559772500,2300416.618154709,2300416.634770334
4,340,1.1172,6.3035,2300416.576439042,2300416.634826792,2300416.651437000
4,341,1.1000,8.5759,2300416.593103667,2300416.651495209,2300416.668103667
4,342,1.1900,8.6629,2300416.609770209,2300416.668168042,2300416.684770334
4,343,1.1337,12.3503,2300416.626436792,2300416.684820459,2300416.701437001
4,344,1.2208,12.2094,2300416.643103417,2300416.701499417,2300416.718103667
4,345,1.1142,11.9219,2300416.659769959,2300416.718157751,2300416.734770334
4,346,1.1243,10.1330,2300416.676437792,2300416.734833292,2300416.751437000
4,347,1.0984,11.9847,2300416.693105459,2300416.751486251,2300416.768103667
4,348,1.1120,9.3104,2300416.709773751,2300416.768148500,2300416.784770334
4,349,1.0995,11.2078,2300416.726439750,2300416.784822584,2300416.801437000
4,350,1.1368,12.1560,2300416.743105334,2300416.801495500,2300416.818103667
4,351,1.1747,10.6187,2300416.759772334,2300416.818160500,2300416.834770334
4,352,1.1641,9.1022,2300416.776436001,2300416.834827292,2300416.851437001
4,353,1.1273,9.2120,2300416.793105084,2300416.851503167,2300416.868103667
4,354,1.1484,8.3277,2300416.809772667,2300416.868159126,2300416.884770334
4,355,1.0977,9.3716,2300416.826437001,2300416.884819542,2300416.901437000
4,356,1.1847,9.5394,2300416.843104125,2300416.901498417,2300416.918103667
4,357,1.2160,9.1813,2300416.859771209,2300416.918158209,2300416.934770334
4,358,1.1523,8.5551,2300416.876437251,2300416.934824834,2300416.951437001
4,359,1.1747,8.2407,2300416.893104751,2300416.951489167,2300416.968103667
4,360,1.1893,7.8959,2300416.909770209,2300416.968159417,2300416.984770334
4,361,1.1560,8.2122,2300416.926435167,2300416.984812000,2300417.001437000
4,362,1.1894,8.5070,2300416.943103292,2300417.001495334,2300417.018103667
4,363,1.1838,8.7635,2300416.959770751,2300417.018165417,2300417.034770334
4,364,1.1374,8.4977,2300416.976435375,2300417.034835501,2300417.051437000
4,365,1.1052,7.8750,2300416.993103126,2300417.051502251,2300417.068103667
4,366,1.1674,8.4778,2300417.009769917,2300417.068163917,2300417.084770334
4,367,1.0831,8.1187,2300417.026436792,2300417.084819042,2300417.101437001
4,368,1.1043,9.2165,2300417.043101084,2300417.101494709,2300417.118103667
4,369,1.1188,9.8898,2300417.059767709,2300417.118173000,2300417.134770334
4,370,1.1213,9.7402,2300417.076434250,2300417.134831709,2300417.151437000
4,371,1.0571,8.1638,2300417.093101751,2300417.151481500,2300417.168103667
4,372,1.1732,9.4065,2300417.109769334,2300417.168148250,2300417.184770334
4,373,1.1287,8.3293,2300417.126435251,2300417.184831667,2300417.201437001
4,374,0.9995,9.2797,2300417.143105167,2300417.201495667,2300417.218103667
4,375,1.1281,9.8363,2300417.159768876,2300417.218153875,2300417.234770334
4,376,1.4837,10.1673,2300417.176433667,2300417.234814042,2300417.251437000
4,377,1.1644,8.3296,2300417.193102376,2300417.251496834,2300417.268103667
4,378,1.1422,10.4213,2300417.209766834,2300417.268160542,2300417.284770334
4,379,1.0863,8.4525,2300417.226433459,2300417.284810792,2300417.301437000
4,380,1.2184,11.4656,2300417.243100042,2300417.301485792,2300417.318103667
4,381,1.1902,11.8974,2300417.259768834,2300417.318152959,2300417.334770334
4,382,1.1316,12.3649,2300417.276435209,2300417.334813417,2300417.351437001
4,383,1.0990,8.8560,2300417.293101792,2300417.351491001,2300417.368103667
4,384,1.1128,12.5899,2300417.309767875,2300417.368144250,2300417.384770334
4,385,1.1392,9.4176,2300417.326432875,2300417.384810584,2300417.401437000
4,386,1.1620,12.8861,2300417.343101459,2300417.401477167,2300417.418103667
4,387,1.1425,13.8176,2300417.359768875,2300417.418145584,2300417.434770334
4,388,1.0837,13.6013,2300417.376434876,2300417.434818709,2300417.451437001
4,389,1.0865,9.9688,2300417.393100375,2300417.451483375,2300417.468103667
4,390,1.2329,12.5737,2300417.409767834,2300417.468156375,2300417.484770334
4,391,1.0827,8.4851,2300417.426434751,2300417.484818667,2300417.501437000
4,392,1.1003,12.0708,2300417.443102084,2300417.501482584,2300417.518103667
4,393,1.1198,11.2844,2300417.459765459,2300417.518144500,2300417.534770334
4,394,1.1439,8.3033,2300417.476434542,2300417.534812834,2300417.551437000
4,395,1.0886,6.3209,2300417.493101042,2300417.551492042,2300417.568103667
4,396,1.1290,8.4970,2300417.509766959,2300417.568145751,2300417.584770334
4,397,1.0897,7.9486,2300417.526431751,2300417.584825542,2300417.601437001
4,398,1.1834,12.5485,2300417.543100000,2300417.601480042,2300417.618103667
4,399,1.1142,12.4363,2300417.559767751,2300417.618153792,2300417.634770334
4,400,1.1115,12.9635,2300417.576432917,2300417.634823334,2300417.651437000
4,401,1.1022,9.6553,2300417.593100084,2300417.651489667,2300417.668103667
4,402,1.0698,12.9062,2300417.609764667,2300417.668148209,2300417.684770334
4,403,1.1198,9.4557,2300417.626431167,2300417.684826876,2300417.701437001
4,404,1.0930,12.1449,2300417.643100875,2300417.701489042,2300417.718103667
4,405,1.0932,12.1658,2300417.659766500,2300417.718152292,2300417.734770334
4,406,1.0926,11.2075,2300417.676430875,2300417.734824709,2300417.751437000
4,407,1.1098,10.0361,2300417.693099334,2300417.751490292,2300417.768103667
4,408,1.0957,10.8578,2300417.709766584,2300417.768151834,2300417.784770334
4,409,1.1684,9.0090,2300417.726431917,2300417.784830792,2300417.801437000
4,410,1.1312,10.5901,2300417.743099042,2300417.801485251,2300417.818103667
4,411,1.1755,9.9218,2300417.759763792,2300417.818154834,2300417.834770334
4,412,1.1758,10.0244,2300417.776433084,2300417.834831959,2300417.851437001
4,413,1.1711,8.5254,2300417.793098126,2300417.851509167,2300417.868103667
4,414,1.1364,8.7186,2300417.809765792,2300417.868142751,2300417.884770334
4,415,1.1171,8.3205,2300417.826431042,2300417.884817875,2300417.901437000
4,416,1.0823,8.9180,2300417.843099501,2300417.901489209,2300417.918103667
4,417,1.0711,9.1217,2300417.859764959,2300417.918158459,2300417.934770334
4,418,1.0537,9.0390,2300417.876431875,2300417.934834626,2300417.951437001
4,419,1.1279,8.5171,2300417.893097542,2300417.951488417,2300417.968103667
4,420,1.1119,8.0087,2300417.909765751,2300417.968155000,2300417.984770334
4,421,1.1243,9.1353,2300417.926429584,2300417.984822292,2300418.001437000
4,422,1.1132,9.6241,2300417.943097792,2300418.001475959,2300418.018103667
4,423,1.4517,9.3039,2300417.959762625,2300418.018154417,2300418.034770334
4,424,1.2290,9.0725,2300417.976432584,2300418.034821167,2300418.051437000
4,425,1.1596,8.5615,2300417.993098417,2300418.051498125,2300418.068103667
4,426,1.0933,9.2175,2300418.009762376,2300418.068148459,2300418.084770334
4,427,1.1162,9.3806,2300418.026430375,2300418.084823459,2300418.101437001
4,428,1.1307,9.6235,2300418.043095501,2300418.101478251,2300418.118103667
4,429,1.1131,10.2419,2300418.059764167,2300418.118156709,2300418.134770334
4,430,1.1525,10.3904,2300418.076430584,2300418.134825167,2300418.151437000
4,431,1.1040,9.1252,2300418.093097292,2300418.151491750,2300418.168103667
4,432,1.1334,8.6945,2300418.109761834,2300418.168154042,2300418.184770334
4,433,1.1484,9.2370,2300418.126429959,2300418.184833459,2300418.201437001
4,434,1.1802,8.6639,2300418.143094917,2300418.201492417,2300418.218103667
4,435,1.1310,9.7612,2300418.159764334,2300418.218152001,2300418.234770334
4,436,1.0805,10.4092,2300418.176429584,2300418.234823334,2300418.251437000
4,437,1.1515,10.0546,2300418.193097501,2300418.251487334,2300418.268103667
4,438,1.1554,8.6190,2300418.209763834,2300418.268142250,2300418.284770334
4,439,1.1737,10.1456,2300418.226430209,2300418.284820626,2300418.301437000
4,440,1.1591,10.4650,2300418.243096751,2300418.301487959,2300418.318103667
4,441,1.1641,11.1664,2300418.259761001,2300418.318153375,2300418.334770334
4,442,1.1819,8.8552,2300418.276427500,2300418.334819376,2300418.351437001
4,443,1.2470,11.2018,2300418.293094126,2300418.351503959,2300418.368103667
4,444,1.2399,8.8890,2300418.309760792,2300418.368150501,2300418.384770334
4,445,1.2442,11.6072,2300418.326430250,2300418.384828000,2300418.401437000
4,446,1.2583,12.4640,2300418.343093792,2300418.401496001,2300418.418103667
4,447,1.1603,12.9461,2300418.359765251,2300418.418156000,2300418.434770334
4,448,1.1486,9.1376,2300418.376426959,2300418.434823126,2300418.451437001
4,449,1.1820,11.7465,2300418.393096459,2300418.451507250,2300418.468103667
4,450,1.1190,9.0976,2300418.409763042,2300418.468159334,2300418.484770334
4,451,1.1529,12.3415,2300418.426426709,2300418.484818334,2300418.501437000
4,452,1.1545,12.9986,2300418.443095251,2300418.501486459,2300418.518103667
4,453,1.1691,13.2439,2300418.459759834,2300418.518154584,2300418.534770334
4,454,1.0658,12.9659,2300418.476426376,2300418.534809709,2300418.551437000
4,455,1.0672,14.2096,2300418.493093042,2300418.551488625,2300418.568103667
4,456,1.0670,13.4021,2300418.509759667,2300418.568150792,2300418.584770334
4,457,1.1177,12.6693,2300418.526426167,2300418.584834625,2300418.601437001
4,458,1.1536,12.4942,2300418.543094917,2300418.601494876,2300418.618103667
4,459,1.1206,12.6725,2300418.559762876,2300418.618167500,2300418.634770334
4,460,1.0997,8.7971,2300418.576431501,2300418.634829709,2300418.651437000
4,461,1.1148,12.3256,2300418.593092417,2300418.651487376,2300418.668103667
4,462,1.0905,8.9510,2300418.609759001,2300418.668162917,2300418.684770334
4,463,1.1724,12.8721,2300418.626427000,2300418.684814667,2300418.701437001
4,464,1.1318,13.0021,2300418.643094250,2300418.701482750,2300418.718103667
4,465,1.1261,13.0059,2300418.659760917,2300418.718169334,2300418.734770334
4,466,1.0445,9.3762,2300418.676426501,2300418.734821084,2300418.751437000
4,467,1.0785,12.9298,2300418.693091875,2300418.751481709,2300418.768103667
4,468,1.1020,9.3084,2300418.709761167,2300418.768155626,2300418.784770334
4,469,1.1483,12.2948,2300418.726427251,2300418.784821917,2300418.801437000
4,470,1.1427,12.5472,2300418.743093126,2300418.801490251,2300418.818103667
4,471,1.1800,10.2344,2300418.759760250,2300418.818163001,2300418.834770334
4,472,1.1166,7.1158,2300418.776426917,2300418.834839167,2300418.851437001
4,473,1.1258,8.4015,2300418.793094792,2300418.851496459,2300418.868103667
4,474,1.1629,8.5278,2300418.809757875,2300418.868176709,2300418.884770334
4,475,1.1399,11.7731,2300418.826427209,2300418.884820750,2300418.901437000
4,476,1.1243,11.4067,2300418.843092501,2300418.901490459,2300418.918103667
4,477,1.1270,11.8536,2300418.859760334,2300418.918170501,2300418.934770334
4,478,1.1545,10.0288,2300418.876425292,2300418.934826084,2300418.951437001
4,479,1.1275,9.7206,2300418.893090709,2300418.951493125,2300418.968103667
4,480,1.1319,9.0687,2300418.909758167,2300418.968164125,2300418.984770334
4,481,1.0975,9.8811,2300418.926425876,2300418.984819834,2300419.001437000
4,482,1.1195,9.9257,2300418.943092876,2300419.001504250,2300419.018103667
4,483,1.1293,11.4689,2300418.959759167,2300419.018159792,2300419.034770334
4,484,1.1184,9.6730,2300418.976424709,2300419.034841876,2300419.051437000
4,485,1.0831,8.3989,2300418.993092292,2300419.051499500,2300419.068103667
4,486,1.0999,8.2876,2300419.009759084,2300419.068175042,2300419.084770334
4,487,1.1482,8.7872,2300419.026423292,2300419.084820375,2300419.101437001
4,488,1.2035,8.9965,2300419.043092417,2300419.101495542,2300419.118103667
4,489,1.1679,9.5982,2300419.059756501,2300419.118170876,2300419.134770334
4,490,1.1579,9.3731,2300419.076426792,2300419.134834875,2300419.151437000
4,491,1.1265,8.1571,2300419.093089626,2300419.151494001,2300419.168103667
4,492,1.1343,8.2266,2300419.109756250,2300419.168160751,2300419.184770334
4,493,1.1408,8.0713,2300419.126422834,2300419.184828209,2300419.201437001
4,494,1.1571,9.4100,2300419.143090834,2300419.201505292,2300419.218103667
4,495,1.1133,9.7273,2300419.159755959,2300419.218178000,2300419.234770334
4,496,1.1317,9.6180,2300419.176422542,2300419.234827709,2300419.251437000
4,497,1.0724,8.1585,2300419.193089126,2300419.251505834,2300419.268103667
4,498,1.0846,9.4647,2300419.209755626,2300419.268183000,2300419.284770334
4,499,1.0950,8.2395,2300419.226424125,2300419.284826750,2300419.301437000
4,500,1.0964,9.8308,2300419.243088792,2300419.301506917,2300419.318103667
4,501,1.1283,9.8988,2300419.259758084,2300419.318162334,2300419.334770334
4,502,1.0868,10.5514,2300419.276424084,2300419.334831292,2300419.351437001
4,503,1.0590,8.1849,2300419.293089625,2300419.351490667,2300419.368103667
4,504,1.0961,10.5264,2300419.309759709,2300419.368146834,2300419.384770334
4,505,1.1467,8.4251,2300419.326423209,2300419.384840292,2300419.401437000
4,506,1.0673,11.3278,2300419.343088209,2300419.401491417,2300419.418103667
4,507,1.1858,11.7603,2300419.359755001,2300419.418166167,2300419.434770334
4,508,1.2553,11.9452,2300419.376423167,2300419.434820001,2300419.451437001
4,509,1.1120,8.7237,2300419.393087917,2300419.451491792,2300419.468103667
4,510,1.1326,12.5043,2300419.409757084,2300419.468157209,2300419.484770334
4,511,1.0777,8.8591,2300419.426422584,2300419.484827792,2300419.501437000
4,512,1.1251,12.4440,2300419.443087709,2300419.501499000,2300419.518103667
4,513,1.1266,12.8895,2300419.459758292,2300419.518163376,2300419.534770334
4,514,1.1515,12.9941,2300419.476423000,2300419.534834417,2300419.551437000
4,515,1.0967,9.2446,2300419.493087500,2300419.551497500,2300419.568103667
4,516,1.1803,12.4994,2300419.509757125,2300419.568157667,2300419.584770334
4,517,1.1245,9.3766,2300419.526422167,2300419.584828167,2300419.601437001
4,518,1.1163,11.9734,2300419.543090167,2300419.601488292,2300419.618103667
4,519,1.2040,12.1280,2300419.559755626,2300419.618153959,2300419.634770334
4,520,1.1701,12.3666,2300419.576421334,2300419.634836959,2300419.651437000
4,521,1.1205,8.2515,2300419.593089626,2300419.651498375,2300419.668103667
4,522,1.1578,11.8926,2300419.609753459,2300419.668154250,2300419.684770334
4,523,1.1782,9.1391,2300419.626422334,2300419.684835250,2300419.701437001
4,524,1.1565,12.2812,2300419.643089209,2300419.701490126,2300419.718103667
4,525,1.5022,12.1156,2300419.659755167,2300419.718161334,2300419.734770334
4,526,1.2597,11.1496,2300419.676421084,2300419.734842167,2300419.751437000
4,527,1.1162,9.2021,2300419.693086292,2300419.751506292,2300419.768103667
4,528,1.0937,9.7250,2300419.709752834,2300419.768158417,2300419.784770334
4,529,1.1370,8.7761,2300419.726422084,2300419.784840209,2300419.801437000
4,530,1.1046,9.7185,2300419.743087626,2300419.801493126,2300419.818103667
4,531,1.1028,9.3306,2300419.759755209,2300419.818167334,2300419.834770334
4,532,1.1266,10.3069,2300419.776420542,2300419.834829459,2300419.851437001
4,533,1.1276,8.4781,2300419.793085751,2300419.851499834,2300419.868103667
4,534,1.0860,8.6473,2300419.809755084,2300419.868158292,2300419.884770334
4,535,1.1448,12.3899,2300419.826419959,2300419.884835667,2300419.901437000
4,536,1.1312,8.8763,2300419.843087042,2300419.901503709,2300419.918103667
4,537,1.1390,9.0283,2300419.859754792,2300419.918165750,2300419.934770334
4,538,1.1266,8.5589,2300419.876419959,2300419.934821959,2300419.951437001
4,539,1.2154,7.5915,2300419.893087750,2300419.951506375,2300419.968103667
4,540,1.1916,7.8828,2300419.909753417,2300419.968148209,2300419.984770334
4,541,1.1670,9.2501,2300419.926419709,2300419.984829792,2300420.001437000
4,542,1.1197,9.4365,2300419.943088667,2300420.001499917,2300420.018103667
4,543,1.1188,9.8488,2300419.959751417,2300420.018170917,2300420.034770334
4,544,1.1096,8.3347,2300419.976420959,2300420.034824001,2300420.051437000
4,545,1.1224,9.6643,2300419.993085750,2300420.051488126,2300420.068103667
4,546,1.1171,8.5061,2300420.009753667,2300420.068169209,2300420.084770334
4,547,1.1338,9.4643,2300420.026420334,2300420.084842125,2300420.101437001
4,548,1.1251,9.4702,2300420.043084459,2300420.101489751,2300420.118103667
4,549,1.1420,9.6235,2300420.059750875,2300420.118161334,2300420.134770334
4,550,1.0828,8.1544,2300420.076418292,2300420.134804292,2300420.151437000
4,551,1.1365,10.4129,2300420.093086001,2300420.151488375,2300420.168103667
4,552,1.0844,8.5344,2300420.109752792,2300420.168166209,2300420.184770334
4,553,1.1275,10.8697,2300420.126420917,2300420.184812375,2300420.201437001
4,554,1.1237,11.6015,2300420.143083709,2300420.201482292,2300420.218103667
4,555,1.2296,12.3469,2300420.159752626,2300420.218153751,2300420.234770334
4,556,1.1642,8.7503,2300420.176418292,2300420.234832042,2300420.251437000
4,557,1.2195,12.5261,2300420.193084459,2300420.251497959,2300420.268103667
4,558,1.1393,8.6185,2300420.209752875,2300420.268165167,2300420.284770334
4,559,1.1603,12.5356,2300420.226416626,2300420.284821792,2300420.301437000
4,560,1.1881,13.1486,2300420.243085834,2300420.301480542,2300420.318103667
4,561,1.2277,13.4263,2300420.259751542,2300420.318155000,2300420.334770334
4,562,1.2063,9.8951,2300420.276418792,2300420.334830876,2300420.351437001
4,563,1.1672,12.6077,2300420.293085459,2300420.351487251,2300420.368103667
4,564,1.1432,9.3346,2300420.309749376,2300420.368165834,2300420.384770334
4,565,1.1495,12.5037,2300420.326416042,2300420.384820876,2300420.401437000
4,566,1.1584,12.0269,2300420.343082625,2300420.401512917,2300420.418103667
4,567,1.1590,11.3146,2300420.359752334,2300420.418166959,2300420.434770334
4,568,1.1748,7.3448,2300420.376416251,2300420.434838125,2300420.451437001
4,569,1.1587,9.5163,2300420.393084250,2300420.451496751,2300420.468103667
4,570,1.4770,9.3084,2300420.409751292,2300420.468176250,2300420.484770334
4,571,1.1971,12.5350,2300420.426418000,2300420.484846334,2300420.501437000
4,572,1.1423,12.1040,2300420.443084001,2300420.501511959,2300420.518103667
4,573,1.1408,11.6877,2300420.459751084,2300420.518173750,2300420.534770334
4,574,1.1245,9.7500,2300420.476418459,2300420.534832959,2300420.551437000
4,575,1.0845,9.6735,2300420.493083417,2300420.551500084,2300420.568103667
4,576,1.2833,8.9090,2300420.509750084,2300420.568173042,2300420.584770334
4,577,1.1760,11.2280,2300420.526415709,2300420.584831417,2300420.601437001
4,578,1.1367,9.8325,2300420.543083667,2300420.601494376,2300420.618103667
4,579,1.1111,10.7402,2300420.559751542,2300420.618168501,2300420.634770334
4,580,1.1167,9.8265,2300420.576415625,2300420.634851500,2300420.651437000
4,581,1.0802,9.3398,2300420.593082584,2300420.651491500,2300420.668103667
4,582,1.1298,8.6294,2300420.609747834,2300420.668172584,2300420.684770334
4,583,1.1005,9.2310,2300420.626416584,2300420.684829292,2300420.701437001
4,584,1.0649,9.6915,2300420.643083417,2300420.701490500,2300420.718103667
4,585,1.0853,11.2793,2300420.659749626,2300420.718176917,2300420.734770334
4,586,1.0803,9.6133,2300420.676415375,2300420.734833959,2300420.751437000
4,587,1.0257,8.4337,2300420.693082626,2300420.751491709,2300420.768103667
4,588,1.0805,8.4266,2300420.709749042,2300420.768164875,2300420.784770334
4,589,1.0680,8.9600,2300420.726414792,2300420.784815875,2300420.801437000
4,590,1.1179,9.6715,2300420.743082167,2300420.801492542,2300420.818103667
4,591,1.1185,10.5378,2300420.759749084,2300420.818171125,2300420.834770334
4,592,1.1241,9.8488,2300420.776413500,2300420.834837292,2300420.851437001
4,593,1.1011,8.1405,2300420.793080084,2300420.851497542,2300420.868103667
4,594,1.1322,9.5945,2300420.809746625,2300420.868163209,2300420.884770334
4,595,1.0977,8.3708,2300420.826414167,2300420.884824417,2300420.901437000
4,596,1.1687,9.7352,2300420.843082792,2300420.901508667,2300420.918103667
4,597,1.1533,10.7278,2300420.859749084,2300420.918152542,2300420.934770334
4,598,1.0911,9.6081,2300420.876414625,2300420.934835126,2300420.951437001
4,599,1.1305,8.0208,2300420.893079501,2300420.951486626,2300420.968103667
4,600,1.1895,10.4035,2300420.909748792,2300420.968171751,2300420.984770334
4,601,1.0930,8.4419,2300420.926414917,2300420.984834292,2300421.001437000
4,602,1.1136,11.2586,2300420.943079292,2300421.001492001,2300421.018103667
4,603,1.1757,12.2047,2300420.959748417,2300421.018170751,2300421.034770334
4,604,1.2422,12.5819,2300420.976414459,2300421.034832584,2300421.051437000
4,605,1.1415,9.1389,2300420.993080709,2300421.051489376,2300421.068103667
4,606,1.1792,12.6063,2300421.009748376,2300421.068163625,2300421.084770334
4,607,1.1447,9.4206,2300421.026412042,2300421.084826459,2300421.101437001
4,608,1.1709,12.8070,2300421.043081501,2300421.101486500,2300421.118103667
4,609,1.2076,13.6624,2300421.059747417,2300421.118174667,2300421.134770334
4,610,1.0867,13.4613,2300421.076413625,2300421.134830959,2300421.151437000
4,611,1.0879,9.4378,2300421.093080667,2300421.151496959,2300421.168103667
4,612,1.1049,13.2596,2300421.109746876,2300421.168166625,2300421.184770334
4,613,1.0911,8.1860,2300421.126413584,2300421.184825584,2300421.201437001
4,614,1.1746,11.9053,2300421.143079001,2300421.201487876,2300421.218103667
4,615,1.2592,9.5941,2300421.159746501,2300421.218164417,2300421.234770334
4,616,1.1546,8.6224,2300421.176415709,2300421.234826334,2300421.251437000
4,617,1.1955,6.0398,2300421.193080125,2300421.251482209,2300421.268103667
4,618,1.2040,8.5309,2300421.209747084,2300421.268145750,2300421.284770334
4,619,1.1814,6.3771,2300421.226411959,2300421.284827959,2300421.301437000
4,620,1.2004,9.3894,2300421.243080376,2300421.301482501,2300421.318103667
4,621,1.1734,12.4662,2300421.259745542,2300421.318157875,2300421.334770334
4,622,1.1758,12.7793,2300421.276412584,2300421.334824125,2300421.351437001
4,623,1.1295,9.4693,2300421.293077250,2300421.351483584,2300421.368103667
4,624,1.0998,12.7477,2300421.309746084,2300421.368143917,2300421.384770334
4,625,1.4676,10.3561,2300421.326410459,2300421.384828084,2300421.401437000
4,626,1.1265,12.2329,2300421.343077042,2300421.401492750,2300421.418103667
4,627,1.1240,10.0630,2300421.359746542,2300421.418171084,2300421.434770334
4,628,1.1743,11.2405,2300421.376411917,2300421.434819042,2300421.451437001
4,629,1.1665,10.1955,2300421.393078584,2300421.451483834,2300421.468103667
4,630,1.1489,12.4077,2300421.409745250,2300421.468168292,2300421.484770334
4,631,1.1317,9.7903,2300421.426412626,2300421.484820292,2300421.501437000
4,632,1.1190,12.2753,2300421.443079667,2300421.501492500,2300421.518103667
4,633,1.1330,13.5656,2300421.459746875,2300421.518156000,2300421.534770334
4,634,1.0849,13.4519,2300421.476411459,2300421.534818750,2300421.551437000
4,635,1.0836,11.9569,2300421.493076126,2300421.551494209,2300421.568103667
4,636,1.0568,12.9652,2300421.509746209,2300421.568151167,2300421.584770334
4,637,1.0651,13.9860,2300421.526410584,2300421.584814084,2300421.601437001
4,638,1.0911,12.4309,2300421.543078167,2300421.601476834,2300421.618103667
4,639,1.0800,9.9238,2300421.559744375,2300421.618150084,2300421.634770334
5,32,1.1765,10.2852,2300422.126408417,2300422.184830750,2300422.201437001
5,33,1.2471,10.9815,2300422.143072459,2300422.201491459,2300422.218103667
5,34,1.1637,11.0981,2300422.159742667,2300422.218150334,2300422.234770334
5,35,1.0412,6.7321,2300422.176407542,2300422.234816292,2300422.251437000
5,36,1.0370,9.5142,2300422.193076417,2300422.251494042,2300422.268103667
5,37,1.0270,7.1479,2300422.209741959,2300422.268160792,2300422.284770334
5,38,1.1356,10.3629,2300422.226405334,2300422.284815042,2300422.301437000
5,39,1.1229,11.1961,2300422.243073792,2300422.301501667,2300422.318103667
5,40,1.1476,8.8115,2300422.259742125,2300422.318151792,2300422.334770334
5,41,1.0967,6.9815,2300422.276407501,2300422.334827250,2300422.351437001
5,42,1.1713,9.4648,2300422.293075667,2300422.351475209,2300422.368103667
5,43,1.1755,7.6938,2300422.309740292,2300422.368156417,2300422.384770334
5,44,1.1718,10.7823,2300422.326407209,2300422.384831167,2300422.401437000
5,45,1.4123,11.2988,2300422.343073792,2300422.401496834,2300422.418103667
5,46,1.2791,11.4697,2300422.359740125,2300422.418169834,2300422.434770334
5,47,1.2724,8.3372,2300422.376406042,2300422.434829875,2300422.451437001
5,48,1.2430,11.1039,2300422.393073667,2300422.451480042,2300422.468103667
5,49,1.2644,8.9900,2300422.409740584,2300422.468166959,2300422.484770334
5,50,1.2590,11.9877,2300422.426407042,2300422.484818042,2300422.501437000
5,51,1.5772,14.2120,2300422.443072459,2300422.501500459,2300422.518103667
5,52,1.3226,16.1612,2300422.459741584,2300422.518148084,2300422.534737167
5,53,1.1811,14.2988,2300422.476405417,2300422.534801042,2300422.551403834
5,54,1.1188,15.9000,2300422.493070500,2300422.551454626,2300422.568070501
5,55,1.1757,14.1158,2300422.509738876,2300422.568124375,2300422.584737167
5,56,1.1935,15.8784,2300422.526405251,2300422.584799125,2300422.601403834
5,57,1.1505,16.9741,2300422.543072251,2300422.601470292,2300422.618070500
5,58,1.1580,17.0668,2300422.559736834,2300422.618138459,2300422.634737167
5,59,1.1870,13.8390,2300422.576403417,2300422.634800876,2300422.651403834
5,60,1.1496,13.7369,2300422.593072167,2300422.651460626,2300422.668070501
5,61,1.1707,13.0200,2300422.609736542,2300422.668134375,2300422.684737167
5,62,1.1141,14.0880,2300422.626404042,2300422.684797876,2300422.701403834
5,63,1.1031,15.2872,2300422.643072126,2300422.701470125,2300422.718070501
5,64,1.1694,14.4530,2300422.659736251,2300422.718129876,2300422.734737167
5,65,1.1828,12.9279,2300422.676404917,2300422.734800084,2300422.751403834
5,66,1.1960,13.0279,2300422.693071376,2300422.751476001,2300422.768070500
5,67,1.1721,12.8875,2300422.709738750,2300422.768132334,2300422.784737167
5,68,1.0782,13.1402,2300422.726403584,2300422.784804875,2300422.801403834
5,69,1.1103,14.6968,2300422.743071625,2300422.801462709,2300422.818070501
5,70,1.1152,14.1103,2300422.759737709,2300422.818129209,2300422.834737167
5,71,1.1132,13.1977,2300422.776404000,2300422.834803125,2300422.851403834
5,72,1.1130,11.4446,2300422.793071292,2300422.851465292,2300422.868070500
5,73,1.1204,12.5065,2300422.809737626,2300422.868138834,2300422.884737167
5,74,1.1430,12.1150,2300422.826404667,2300422.884794584,2300422.901403834
5,75,1.1483,14.1423,2300422.843071167,2300422.901479917,2300422.918070501
5,76,1.1176,14.3404,2300422.859737459,2300422.918126751,2300422.934737167
5,77,1.1522,13.0742,2300422.876403959,2300422.934806751,2300422.951403834
5,78,1.1156,11.2464,2300422.893070417,2300422.951462417,2300422.968070501
5,79,1.1440,12.6605,2300422.909736709,2300422.968132959,2300422.984737167
5,80,1.1318,11.7585,2300422.926403375,2300422.984804750,2300423.001403834
5,81,1.1177,12.8233,2300422.943068000,2300423.001473500,2300423.018070500
5,82,1.0551,13.1744,2300422.959737334,2300423.018126167,2300423.034737167
5,83,1.1005,12.5342,2300422.976402667,2300423.034794084,2300423.051403834
5,84,1.0911,10.7537,2300422.993069501,2300423.051454459,2300423.068070501
5,85,1.1343,12.6835,2300423.009735875,2300423.068137875,2300423.084737167
5,86,1.1192,10.7825,2300423.026400834,2300423.084790959,2300423.101403834
5,87,1.1423,13.0094,2300423.043067417,2300423.101455459,2300423.118070500
5,88,1.0752,13.3095,2300423.059734000,2300423.118131001,2300423.134737167
5,89,1.0667,13.3592,2300423.076400584,2300423.134785667,2300423.151403834
5,90,1.0447,9.9529,2300423.093067125,2300423.151466751,2300423.168070501
5,91,1.1235,13.1145,2300423.109736167,2300423.168121209,2300423.184737167
5,92,1.0845,11.4106,2300423.126402417,2300423.184798709,2300423.201403834
5,93,1.2528,14.0165,2300423.143067042,2300423.201470584,2300423.218070501
5,94,1.1710,14.5327,2300423.159736375,2300423.218132126,2300423.234737167
5,95,1.1565,14.8128,2300423.176401417,2300423.234801375,2300423.251403834
5,96,1.1685,11.8621,2300423.193069250,2300423.251467376,2300423.268070500
5,97,1.3267,14.4653,2300423.209736126,2300423.268124750,2300423.284737167
5,98,1.2728,11.9210,2300423.226402042,2300423.284812750,2300423.301403834
5,99,1.2193,14.6353,2300423.243068334,2300423.301463875,2300423.318070501
5,100,1.2007,15.0310,2300423.259734334,2300423.318137459,2300423.334737167
5,101,1.1756,15.2145,2300423.276401459,2300423.334801501,2300423.351403834
5,102,1.0493,9.4749,2300423.293066042,2300423.351455792,2300423.368070500
5,103,1.1059,12.1810,2300423.309734584,2300423.368133251,2300423.384737167
5,104,1.0281,9.7768,2300423.326400251,2300423.384791167,2300423.401403834
5,105,1.1638,12.4780,2300423.343068875,2300423.401464542,2300423.418070501
5,106,1.0979,13.4985,2300423.359732334,2300423.418130959,2300423.434737167
5,107,1.0826,13.0383,2300423.376401667,2300423.434798334,2300423.451403834
5,108,1.0717,8.5184,2300423.393065501,2300423.451467376,2300423.468070501
5,109,0.9967,11.0815,2300423.409732042,2300423.468119542,2300423.484737167
5,110,0.9796,9.6827,2300423.426401126,2300423.484796417,2300423.501403834
5,111,0.9976,12.6189,2300423.443067959,2300423.501456000,2300423.518070500
5,112,1.0527,14.6477,2300423.459733792,2300423.518135917,2300423.534737167
5,113,1.0704,14.7055,2300423.476403875,2300423.534797084,2300423.551403834
5,114,1.0626,11.3973,2300423.493067042,2300423.551470000,2300423.568070501
5,115,1.0149,13.7120,2300423.509733334,2300423.568133626,2300423.584737167
5,116,1.0151,11.7625,2300423.526399667,2300423.584797125,2300423.601403834
5,117,0.9788,13.1395,2300423.543066501,2300423.601450209,2300423.618070500
5,118,1.0037,14.4339,2300423.559734250,2300423.618131667,2300423.634737167
5,119,0.9994,14.3767,2300423.576399126,2300423.634810667,2300423.651403834
5,120,1.0274,13.3473,2300423.593065542,2300423.651478209,2300423.668070501
5,121,0.9995,13.3405,2300423.609730876,2300423.668125750,2300423.684737167
5,122,0.9712,10.5533,2300423.626400209,2300423.684797917,2300423.701403834
5,123,0.9827,11.2920,2300423.643066251,2300423.701458001,2300423.718070501
5,124,1.0013,11.2603,2300423.659732042,2300423.718136875,2300423.734737167
5,125,0.9252,12.1728,2300423.676398626,2300423.734790792,2300423.751403834
5,126,1.0258,10.1715,2300423.693063792,2300423.751476292,2300423.768070500
5,127,0.9779,9.8115,2300423.709730792,2300423.768126626,2300423.784737167
5,128,1.0282,10.5174,2300423.726396917,2300423.784798084,2300423.801403834
5,129,0.9996,11.3570,2300423.743065917,2300423.801477709,2300423.818070501
5,130,1.0015,10.6253,2300423.759732417,2300423.818124209,2300423.834737167
5,131,0.9936,9.5225,2300423.776397792,2300423.834792250,2300423.851403834
5,132,0.9710,10.9341,2300423.793065626,2300423.851462584,2300423.868070500
5,133,0.9672,10.4295,2300423.809733001,2300423.868120084,2300423.884737167
5,134,0.9930,11.6969,2300423.826396375,2300423.884786792,2300423.901403834
5,135,0.9694,12.6428,2300423.843065292,2300423.901464167,2300423.918070501
5,136,1.0245,11.5211,2300423.859732500,2300423.918134834,2300423.934737167
5,137,0.9331,9.5849,2300423.876397626,2300423.934777542,2300423.951403834
5,138,0.9958,12.0737,2300423.893062626,2300423.951453459,2300423.968070501
5,139,0.9291,9.7869,2300423.909731584,2300423.968127542,2300423.984737167
5,140,0.9970,12.4195,2300423.926399000,2300423.984802376,2300424.001403834
5,141,1.0168,12.3248,2300423.943064667,2300424.001465542,2300424.018070500
5,142,1.0112,12.4512,2300423.959728959,2300424.018144376,2300424.034737167
5,143,0.9445,10.3042,2300423.976396709,2300424.034787542,2300424.051403834
5,144,1.0885,12.8237,2300423.993065125,2300424.051455625,2300424.068070501
5,145,0.9657,10.6578,2300424.009730667,2300424.068125292,2300424.084737167
5,146,1.0567,13.4603,2300424.026398584,2300424.084793751,2300424.101403834
5,147,1.0603,14.0981,2300424.043064042,2300424.101467959,2300424.118070500
5,148,1.0143,14.0065,2300424.059730834,2300424.118136751,2300424.134737167
5,149,1.0220,11.4384,2300424.076396917,2300424.134810417,2300424.151403834
5,150,1.0530,14.2746,2300424.093062667,2300424.151450500,2300424.168070501
5,151,1.0275,11.6141,2300424.109731084,2300424.168121542,2300424.184737167
5,152,1.0483,14.2328,2300424.126396417,2300424.184789625,2300424.201403834
5,153,1.0050,14.6626,2300424.143063084,2300424.201458375,2300424.218070501
5,154,1.0055,14.5119,2300424.159731750,2300424.218142417,2300424.234737167
5,155,0.9673,11.5197,2300424.176394376,2300424.234806167,2300424.251403834
5,156,1.0354,14.1533,2300424.193063959,2300424.251454292,2300424.268070500
5,157,0.9692,11.5119,2300424.209727501,2300424.268135375,2300424.284737167
5,158,0.9675,13.7700,2300424.226395917,2300424.284787876,2300424.301403834
5,159,0.9813,14.4299,2300424.243062667,2300424.301466459,2300424.318070501
5,160,1.0162,12.1551,2300424.259730209,2300424.318133376,2300424.334737167
5,161,0.9760,8.0246,2300424.276396542,2300424.334798792,2300424.351403834
5,162,0.9380,10.8695,2300424.293061792,2300424.351453167,2300424.368070500
5,163,0.9731,9.7843,2300424.309730626,2300424.368128667,2300424.384737167
5,164,0.9516,13.9956,2300424.326395292,2300424.384792917,2300424.401403834
5,165,1.0024,13.8341,2300424.343062875,2300424.401458834,2300424.418070501
5,166,1.0144,13.8625,2300424.359728334,2300424.418137084,2300424.434737167
5,167,0.9965,11.1395,2300424.376394209,2300424.434797042,2300424.451403834
5,168,0.9755,12.9167,2300424.393061751,2300424.451440917,2300424.468070501
5,169,1.0446,11.4354,2300424.409728875,2300424.468128376,2300424.484737167
5,170,1.0484,12.6957,2300424.426392959,2300424.484811876,2300424.501403834
5,171,1.0337,13.1684,2300424.443059584,2300424.501463292,2300424.518070500
5,172,1.0272,12.5598,2300424.459726125,2300424.518133875,2300424.534737167
5,173,0.9987,12.3289,2300424.476392667,2300424.534798292,2300424.551403834
5,174,0.9491,12.0319,2300424.493059292,2300424.551456376,2300424.568070501
5,175,1.0140,15.6679,2300424.509725834,2300424.568125459,2300424.584737167
5,176,0.9512,15.9178,2300424.526392417,2300424.584785709,2300424.601403834
5,177,0.9926,15.5241,2300424.543061084,2300424.601447209,2300424.618070500
5,178,0.9901,13.1551,2300424.559727834,2300424.618135084,2300424.634737167
5,179,1.0053,12.6737,2300424.576393584,2300424.634801584,2300424.651403834
5,180,0.9243,10.6658,2300424.593061459,2300424.651457084,2300424.668070501
5,181,0.9789,11.2322,2300424.609725250,2300424.668123209,2300424.684737167
5,182,0.9662,10.9413,2300424.626391917,2300424.684794792,2300424.701403834
5,183,0.9746,12.1076,2300424.643058375,2300424.701463917,2300424.718070501
5,184,1.0246,12.0414,2300424.659728042,2300424.718126459,2300424.734737167
5,185,1.0168,12.8938,2300424.676393667,2300424.734798626,2300424.751403834
5,186,1.0290,11.1425,2300424.693059834,2300424.751462292,2300424.768070500
5,187,1.0782,13.2107,2300424.709726459,2300424.768145251,2300424.784737167
5,188,1.0145,11.3195,2300424.726394417,2300424.784804417,2300424.801403834
5,189,0.9868,13.1702,2300424.743063000,2300424.801462167,2300424.818070501
5,190,1.0381,13.2780,2300424.759726625,2300424.818132084,2300424.834737167
5,191,1.0159,13.2057,2300424.776393209,2300424.834792750,2300424.851403834
5,192,1.0206,11.5785,2300424.793061000,2300424.851453626,2300424.868070500
5,193,1.0432,13.6309,2300424.809726417,2300424.868124001,2300424.884737167
5,194,1.0713,13.4783,2300424.826391959,2300424.884797250,2300424.901403834
5,195,1.0969,14.6118,2300424.843057334,2300424.901463084,2300424.918070501
5,196,1.1278,14.6841,2300424.859723875,2300424.918126375,2300424.934737167
5,197,1.0942,14.8350,2300424.876392042,2300424.934796500,2300424.951403834
5,198,1.0502,11.5320,2300424.893060251,2300424.951457126,2300424.968070501
5,199,1.0851,14.2910,2300424.909723584,2300424.968122459,2300424.984737167
5,200,1.0780,11.4862,2300424.926393292,2300424.984806209,2300425.001403834
5,201,1.0810,14.2299,2300424.943058667,2300425.001462209,2300425.018070500
5,202,1.2163,14.5399,2300424.959725625,2300425.018121834,2300425.034737167
5,203,1.0767,14.6487,2300424.976391792,2300425.034799792,2300425.051403834
5,204,0.9856,11.5075,2300424.993057584,2300425.051459209,2300425.068070501
5,205,1.0313,12.4995,2300425.009725792,2300425.068126459,2300425.084737167
5,206,0.9769,10.0301,2300425.026392126,2300425.084798209,2300425.101403834
5,207,0.9993,12.7515,2300425.043058751,2300425.101457792,2300425.118070500
5,208,1.1228,10.8753,2300425.059724500,2300425.118137709,2300425.134737167
5,209,1.2001,8.1789,2300425.076391875,2300425.134799000,2300425.151403834
5,210,1.1786,6.8028,2300425.093055876,2300425.151476084,2300425.168070501
5,211,1.1731,8.7113,2300425.109722459,2300425.168125084,2300425.184737167
5,212,1.1631,7.0412,2300425.126391292,2300425.184805001,2300425.201403834
5,213,1.1697,9.8197,2300425.143059042,2300425.201467084,2300425.218070501
5,214,1.1857,11.9137,2300425.159726000,2300425.218135084,2300425.234737167
5,215,1.1417,14.0084,2300425.176388709,2300425.234809251,2300425.251403834
5,216,1.1172,11.6549,2300425.193056542,2300425.251463042,2300425.268070500
5,217,1.0682,13.4951,2300425.209724792,2300425.268132959,2300425.284737167
5,218,1.1330,11.3499,2300425.226391001,2300425.284800251,2300425.301403834
5,219,1.1783,13.1692,2300425.243056042,2300425.301463917,2300425.318070501
5,220,1.2167,13.4521,2300425.259721626,2300425.318131417,2300425.334737167
5,221,1.2043,12.7509,2300425.276390001,2300425.334802834,2300425.351403834
5,222,1.1315,11.1001,2300425.293054709,2300425.351469292,2300425.368070500
5,223,1.1106,12.1301,2300425.309721292,2300425.368128459,2300425.384737167
5,224,1.1665,10.9043,2300425.326387917,2300425.384811667,2300425.401403834
5,225,1.1305,11.9093,2300425.343054459,2300425.401464667,2300425.418070501
5,226,1.1868,11.8730,2300425.359724042,2300425.418131209,2300425.434737167
5,227,1.1710,12.6438,2300425.376387625,2300425.434810501,2300425.451403834
5,228,1.0321,10.9585,2300425.393054209,2300425.451477625,2300425.468070501
5,229,1.0953,10.4455,2300425.409723750,2300425.468132501,2300425.484737167
5,230,1.0950,10.2640,2300425.426387376,2300425.484796001,2300425.501403834
5,231,1.0845,10.3517,2300425.443055917,2300425.501450000,2300425.518070500
5,232,1.0513,10.7582,2300425.459722709,2300425.518138250,2300425.534737167
5,233,0.9990,13.3031,2300425.476392042,2300425.534800334,2300425.551403834
5,234,1.0672,10.5642,2300425.493056001,2300425.551457375,2300425.568070501
5,235,1.0990,9.5670,2300425.509720250,2300425.568120126,2300425.584737167
5,236,1.1025,10.1460,2300425.526389209,2300425.584806417,2300425.601403834
5,237,1.0570,10.6445,2300425.543055626,2300425.601451334,2300425.618070500
5,238,1.1318,10.2815,2300425.559724542,2300425.618148459,2300425.634737167
5,239,0.9845,9.1677,2300425.576388667,2300425.634795042,2300425.651403834
5,240,1.0461,9.3798,2300425.593057209,2300425.651458834,2300425.668070501
5,241,1.0398,9.3452,2300425.609722292,2300425.668127042,2300425.684737167
5,242,1.0598,10.5105,2300425.626386209,2300425.684804167,2300425.701403834
5,243,1.0829,10.5386,2300425.643052834,2300425.701464626,2300425.718070501
5,244,1.0627,9.4869,2300425.659722500,2300425.718133167,2300425.734737167
5,245,1.0730,9.1386,2300425.676386001,2300425.734786959,2300425.751403834
5,246,1.1064,9.8537,2300425.693052500,2300425.751466875,2300425.768070500
5,247,1.0599,9.3180,2300425.709719126,2300425.768122251,2300425.784737167
5,248,1.1723,10.2365,2300425.726385584,2300425.784805459,2300425.801403834
5,249,1.1672,10.5209,2300425.743055000,2300425.801481167,2300425.818070501
5,250,1.1822,11.0734,2300425.759721250,2300425.818147417,2300425.834737167
5,251,1.0917,9.2452,2300425.776386626,2300425.834796417,2300425.851403834
5,252,1.1003,12.2321,2300425.793056167,2300425.851456667,2300425.868070500
5,253,1.1065,10.0642,2300425.809721459,2300425.868128709,2300425.884737167
5,254,1.4524,12.9017,2300425.826385084,2300425.884804834,2300425.901403834
5,255,1.2534,12.8605,2300425.843053834,2300425.901471667,2300425.918070501
5,256,1.2203,13.2044,2300425.859721417,2300425.918140209,2300425.934737167
5,257,1.0969,10.7439,2300425.876387709,2300425.934802000,2300425.951403834
5,258,1.1980,13.2405,2300425.893051334,2300425.951469084,2300425.968070501
5,259,1.1945,11.0450,2300425.909720667,2300425.968128167,2300425.984737167
5,260,1.2559,13.5940,2300425.926386167,2300425.984796626,2300426.001403834
5,261,1.1521,14.0295,2300425.943053501,2300426.001453334,2300426.018070500
5,262,1.0274,14.0931,2300425.959720001,2300426.018115959,2300426.034737167
5,263,0.9456,11.0484,2300425.976386584,2300426.034799376,2300426.051403834
5,264,1.0481,13.9470,2300425.993050834,2300426.051450167,2300426.068070501
5,265,0.9699,11.3888,2300426.009717376,2300426.068121001,2300426.084737167
5,266,1.0276,13.9196,2300426.026383959,2300426.084797459,2300426.101403834
5,267,1.0681,12.2405,2300426.043053209,2300426.101466751,2300426.118070500
5,268,1.2365,10.5904,2300426.059717084,2300426.118131417,2300426.134737167
5,269,1.3546,6.9788,2300426.076384792,2300426.134808626,2300426.151403834
5,270,1.2758,9.3095,2300426.093051042,2300426.151470000,2300426.168070501
5,271,1.2088,7.3356,2300426.109720959,2300426.168144334,2300426.184737167
5,272,1.2320,10.3213,2300426.126385501,2300426.184800292,2300426.201403834
5,273,1.1702,11.9617,2300426.143049959,2300426.201469042,2300426.218070501
5,274,1.1569,13.0886,2300426.159718792,2300426.218125834,2300426.234737167
5,275,1.0975,10.9442,2300426.176385376,2300426.234805875,2300426.251403834
5,276,1.1104,12.1243,2300426.193049667,2300426.251447542,2300426.268070500
5,277,1.1232,10.6989,2300426.209719084,2300426.268122084,2300426.284737167
5,278,1.0675,13.4789,2300426.226384376,2300426.284775209,2300426.301403834
5,279,1.1279,13.8474,2300426.243051126,2300426.301465917,2300426.318070501
5,280,1.1140,12.8176,2300426.259718875,2300426.318120126,2300426.334737167
5,281,1.0889,10.4641,2300426.276382542,2300426.334783042,2300426.351403834
5,282,1.0881,12.9115,2300426.293049084,2300426.351456875,2300426.368070500
5,283,1.1273,10.7912,2300426.309715709,2300426.368120667,2300426.384737167
5,284,1.0657,12.7466,2300426.326383250,2300426.384783042,2300426.401403834
5,285,1.1215,12.2259,2300426.343048792,2300426.401472917,2300426.418070501
5,286,1.0759,12.1407,2300426.359715376,2300426.418122292,2300426.434737167
5,287,1.0656,11.8668,2300426.376384500,2300426.434791375,2300426.451403834
5,288,1.0643,12.0005,2300426.393048501,2300426.451445376,2300426.468070501
5,289,1.1390,11.5837,2300426.409715167,2300426.468123292,2300426.484737167
5,290,1.0356,11.7340,2300426.426381750,2300426.484776042,2300426.501403834
5,291,1.0715,11.6890,2300426.443050751,2300426.501460167,2300426.518070500
5,292,1.4130,12.0665,2300426.459717167,2300426.518116959,2300426.534737167
5,293,1.1361,12.3928,2300426.476385125,2300426.534798209,2300426.551403834
5,294,1.1265,11.3582,2300426.493050584,2300426.551457584,2300426.568070501
5,295,1.1127,12.4849,2300426.509716709,2300426.568122792,2300426.584737167
5,296,1.0549,11.2697,2300426.526383417,2300426.584786500,2300426.601403834
5,297,1.1560,12.3275,2300426.543050792,2300426.601453750,2300426.618070500
5,298,1.1452,12.8108,2300426.559714584,2300426.618140292,2300426.634737167
5,299,1.1764,12.7915,2300426.576380834,2300426.634795917,2300426.651403834
5,300,1.0876,11.0623,2300426.593049584,2300426.651453417,2300426.668070501
5,301,1.1267,12.6791,2300426.609714000,2300426.668126751,2300426.684737167
5,302,1.1239,11.0646,2300426.626383084,2300426.684797959,2300426.701403834
5,303,1.0910,13.5379,2300426.643049167,2300426.701450584,2300426.718070501
5,304,1.1353,13.4804,2300426.659717876,2300426.718124667,2300426.734737167
5,305,1.1137,14.0919,2300426.676381792,2300426.734789459,2300426.751403834
5,306,1.0000,11.5784,2300426.693049042,2300426.751449501,2300426.768070500
5,307,1.0734,13.8513,2300426.709715334,2300426.768132709,2300426.784737167
5,308,1.0651,11.4727,2300426.726384167,2300426.784774750,2300426.801403834
5,309,1.1150,13.9897,2300426.743046584,2300426.801443751,2300426.818070501
5,310,1.2345,14.5512,2300426.759713209,2300426.818122334,2300426.834737167
5,311,1.1840,14.7828,2300426.776381376,2300426.834801834,2300426.851403834
5,312,1.1065,11.4027,2300426.793048751,2300426.851464459,2300426.868070500
5,313,1.1450,14.0890,2300426.809715792,2300426.868113792,2300426.884737167
5,314,1.0112,11.6416,2300426.826380917,2300426.884790042,2300426.901403834
5,315,1.0360,14.2265,2300426.843048417,2300426.901463251,2300426.918070501
5,316,1.1693,14.9812,2300426.859712625,2300426.918126292,2300426.934737167
5,317,1.0748,15.0229,2300426.876379125,2300426.934780750,2300426.951403834
5,318,1.1771,11.6405,2300426.893048375,2300426.951460334,2300426.968070501
5,319,1.1650,12.0476,2300426.909714709,2300426.968123125,2300426.984737167
5,320,1.2270,7.9740,2300426.926380042,2300426.984797667,2300427.001403834
5,321,1.2157,10.5085,2300426.943045417,2300427.001461292,2300427.018070500
5,322,1.2639,11.1905,2300426.959712042,2300427.018138750,2300427.034737167
5,323,1.2616,11.2410,2300426.976379251,2300427.034797959,2300427.051403834
5,324,1.1753,8.5384,2300426.993046959,2300427.051452251,2300427.068070501
5,325,1.1916,11.7922,2300427.009714209,2300427.068127084,2300427.084737167
5,326,1.4544,10.5560,2300427.026378292,2300427.084804250,2300427.101403834
5,327,1.3207,13.0137,2300427.043044834,2300427.101470209,2300427.118070500
5,328,1.1919,14.1634,2300427.059713292,2300427.118126709,2300427.134737167
5,329,1.1764,13.4376,2300427.076379584,2300427.134802917,2300427.151403834
5,330,1.1624,11.4493,2300427.093044584,2300427.151458834,2300427.168070501
5,331,1.1564,13.1651,2300427.109715001,2300427.168113042,2300427.184737167
5,332,1.1682,11.2769,2300427.126377751,2300427.184797125,2300427.201403834
5,333,1.1281,12.8467,2300427.143049584,2300427.201454501,2300427.218070501
5,334,1.1678,13.2053,2300427.159713209,2300427.218134375,2300427.234737167
5,335,1.1687,13.3694,2300427.176379584,2300427.234801042,2300427.251403834
5,336,1.1655,11.1498,2300427.193044542,2300427.251467500,2300427.268070500
5,337,1.0910,12.1585,2300427.209712917,2300427.268113000,2300427.284737167
5,338,1.1751,11.2525,2300427.226379125,2300427.284793542,2300427.301403834
5,339,1.1500,12.1915,2300427.243046084,2300427.301445126,2300427.318070501
5,340,1.1623,13.1241,2300427.259712417,2300427.318119750,2300427.334737167
5,341,1.1914,12.3911,2300427.276378125,2300427.334802834,2300427.351403834
5,342,1.1630,11.9777,2300427.293043459,2300427.351461292,2300427.368070500
5,343,1.1940,11.0613,2300427.309710042,2300427.368125375,2300427.384737167
5,344,1.1782,11.2471,2300427.326378000,2300427.384810084,2300427.401403834
5,345,1.1906,11.1394,2300427.343045167,2300427.401467375,2300427.418070501
5,346,1.1610,12.7767,2300427.359709834,2300427.418136042,2300427.434737167
5,347,1.1167,12.2316,2300427.376376376,2300427.434793501,2300427.451403834
5,348,1.1054,11.3159,2300427.393045584,2300427.451473334,2300427.468070501
5,349,1.1048,9.8765,2300427.409711084,2300427.468112584,2300427.484737167
5,350,1.1600,11.0485,2300427.426376084,2300427.484791625,2300427.501403834
5,351,1.0475,11.0290,2300427.443045042,2300427.501469792,2300427.518070500
5,352,1.0407,10.2160,2300427.459712167,2300427.518130376,2300427.534737167
5,353,1.0135,9.2255,2300427.476375792,2300427.534803126,2300427.551403834
5,354,1.0737,10.5717,2300427.493042375,2300427.551465667,2300427.568070501
5,355,1.0396,9.3499,2300427.509712167,2300427.568122126,2300427.584737167
5,356,1.0704,14.1580,2300427.526375459,2300427.584798126,2300427.601403834
5,357,1.0948,14.3445,2300427.543046667,2300427.601454459,2300427.618070500
5,358,1.0920,12.4584,2300427.559708667,2300427.618123209,2300427.634737167
5,359,1.0133,11.4443,2300427.576377709,2300427.634794959,2300427.651403834
5,360,1.0886,11.4817,2300427.593044709,2300427.651459375,2300427.668070501
5,361,1.0683,9.2119,2300427.609708334,2300427.668121959,2300427.684737167
5,362,1.1529,12.4093,2300427.626379625,2300427.684785834,2300427.701403834
5,363,1.1412,12.8404,2300427.643041500,2300427.701453792,2300427.718070501
5,364,1.1230,13.0324,2300427.659711375,2300427.718128875,2300427.734737167
5,365,1.0645,10.1721,2300427.676374751,2300427.734793376,2300427.751403834
5,366,1.3767,13.3055,2300427.693041292,2300427.751460792,2300427.768070500
5,367,1.2825,10.8435,2300427.709708625,2300427.768144292,2300427.784737167
5,368,1.1363,13.3837,2300427.726374376,2300427.784795500,2300427.801403834
5,369,1.1076,13.8846,2300427.743040917,2300427.801463209,2300427.818070501
5,370,1.1566,13.6615,2300427.759707584,2300427.818113709,2300427.834737167
5,371,1.0285,10.7300,2300427.776375834,2300427.834809042,2300427.851403834
5,372,1.0748,13.5339,2300427.793043084,2300427.851456792,2300427.868070500
5,373,1.1672,10.9497,2300427.809711709,2300427.868136709,2300427.884737167
5,374,1.1274,13.5085,2300427.826373792,2300427.884789250,2300427.901403834
5,375,1.2206,13.6903,2300427.843042750,2300427.901460459,2300427.918070501
5,376,1.1613,11.4656,2300427.859708501,2300427.918141042,2300427.934737167
5,377,1.1045,8.0338,2300427.876375501,2300427.934797667,2300427.951403834
5,378,1.1317,11.2229,2300427.893043042,2300427.951459834,2300427.968070501
5,379,1.1617,9.7341,2300427.909710334,2300427.968137250,2300427.984737167
5,380,1.1529,13.3547,2300427.926375042,2300427.984797667,2300428.001403834
5,381,1.1599,13.8100,2300427.943041459,2300428.001468542,2300428.018070500
5,382,1.1766,13.5103,2300427.959708084,2300428.018138709,2300428.034737167
5,383,1.1045,10.3947,2300427.976375292,2300428.034808459,2300428.051403834
5,384,1.0970,12.9259,2300427.993042375,2300428.051469834,2300428.068070501
5,385,1.0803,10.9039,2300428.009708875,2300428.068140167,2300428.084737167
5,386,1.0284,13.1425,2300428.026372625,2300428.084786001,2300428.101403834
5,387,1.1075,13.2471,2300428.043041626,2300428.101467834,2300428.118070500
5,388,1.1440,12.5139,2300428.059705834,2300428.118131501,2300428.134737167
5,389,1.1358,11.0120,2300428.076373959,2300428.134795417,2300428.151403834
5,390,1.0661,13.4682,2300428.093040500,2300428.151460084,2300428.168070501
5,391,1.1122,10.2324,2300428.109707876,2300428.168132167,2300428.184737167
5,392,1.0898,10.7831,2300428.126373542,2300428.184782334,2300428.201403834
5,393,1.1255,11.3960,2300428.143041500,2300428.201461459,2300428.218070501
5,394,1.1278,11.2942,2300428.159706334,2300428.218123334,2300428.234737167
5,395,1.0978,11.5239,2300428.176374000,2300428.234798209,2300428.251403834
5,396,1.0743,11.3575,2300428.193038417,2300428.251458501,2300428.268070500
5,397,1.1234,11.7426,2300428.209704959,2300428.268128001,2300428.284737167
5,398,1.1052,10.8473,2300428.226373001,2300428.284798167,2300428.301403834
5,399,1.1938,11.3111,2300428.243040751,2300428.301477917,2300428.318070501
5,400,1.1184,12.6317,2300428.259707375,2300428.318143376,2300428.334737167
5,401,1.0710,12.6588,2300428.276372834,2300428.334796292,2300428.351403834
5,402,1.0429,10.9377,2300428.293040751,2300428.351460959,2300428.368070500
5,403,1.1097,12.4028,2300428.309706542,2300428.368142167,2300428.384737167
5,404,1.0616,11.2035,2300428.326373001,2300428.384746084,2300428.401370792
5,405,1.1109,12.7589,2300428.343039501,2300428.401428917,2300428.418037459
5,406,1.1456,13.1701,2300428.359704126,2300428.418093209,2300428.434704125
5,407,1.1329,13.4228,2300428.376373292,2300428.434751667,2300428.451370792
5,408,1.0755,11.1382,2300428.393039500,2300428.451416542,2300428.468037459
5,409,1.1650,13.1481,2300428.409707167,2300428.468084167,2300428.484704126
5,410,1.1297,11.3473,2300428.426373084,2300428.484757334,2300428.501370792
5,411,1.1690,13.1842,2300428.443041084,2300428.501418459,2300428.518037459
5,412,1.1825,13.5500,2300428.459705750,2300428.518092667,2300428.534704125
5,413,1.0981,13.5770,2300428.476374709,2300428.534756959,2300428.551370792
5,414,1.1167,11.5918,2300428.493039500,2300428.551422584,2300428.568037459
5,415,1.1017,14.1156,2300428.509703251,2300428.568073126,2300428.584704125
5,416,1.0815,11.7341,2300428.526371959,2300428.584759459,2300428.601370792
5,417,1.1594,14.1621,2300428.543039125,2300428.601418167,2300428.618037459
5,418,1.1851,14.8686,2300428.559705126,2300428.618085876,2300428.634704126
5,419,1.1959,14.7465,2300428.576371750,2300428.634768584,2300428.651370792
5,420,1.0978,11.5805,2300428.593037334,2300428.651419125,2300428.668037459
5,421,1.2188,14.2616,2300428.609705917,2300428.668085501,2300428.684704125
5,422,1.1595,11.6564,2300428.626369250,2300428.684764792,2300428.701370792
5,423,1.1532,14.3869,2300428.643038542,2300428.701405167,2300428.718037459
5,424,1.0949,14.6493,2300428.659705459,2300428.718084042,2300428.734704126
5,425,1.2472,14.8235,2300428.676371459,2300428.734756417,2300428.751370792
5,426,1.1462,11.5526,2300428.693038042,2300428.751434667,2300428.768037459
5,427,1.0584,12.0642,2300428.709702167,2300428.768080126,2300428.784704125
5,428,1.1290,9.1869,2300428.726370792,2300428.784753084,2300428.801370792
5,429,1.1534,11.8274,2300428.743039126,2300428.801410042,2300428.818037459
5,430,1.1517,12.5808,2300428.759701917,2300428.818090917,2300428.834704125
5,431,1.1133,12.0359,2300428.776371792,2300428.834758792,2300428.851370792
5,432,1.0894,8.3219,2300428.793036959,2300428.851420750,2300428.868037459
5,433,1.1571,10.5895,2300428.809705250,2300428.868086084,2300428.884704126
5,434,1.1125,10.2505,2300428.826370792,2300428.884756500,2300428.901370792
5,435,1.0675,13.4871,2300428.843036375,2300428.901402959,2300428.918037459
5,436,1.4882,13.4356,2300428.859704417,2300428.918088500,2300428.934704125
5,437,1.1748,13.7076,2300428.876369875,2300428.934753626,2300428.951370792
5,438,1.1342,11.0999,2300428.893036751,2300428.951422167,2300428.968037459
5,439,1.0684,13.1827,2300428.909701042,2300428.968075876,2300428.984704126
5,440,1.1266,11.0316,2300428.926369626,2300428.984754542,2300429.001370792
5,441,1.1056,13.4416,2300428.943036709,2300429.001416584,2300429.018037459
5,442,1.1127,13.3147,2300428.959700709,2300429.018092084,2300429.034704125
5,443,1.1396,13.6110,2300428.976369001,2300429.034765000,2300429.051370792
5,444,1.1519,11.0592,2300428.993033917,2300429.051428251,2300429.068037459
5,445,1.0518,12.5401,2300429.009703584,2300429.068081459,2300429.084704125
5,446,1.1366,10.5614,2300429.026367042,2300429.084770625,2300429.101370792
5,447,1.0613,12.1385,2300429.043035792,2300429.101425792,2300429.118037459
5,448,1.1110,12.3618,2300429.059702709,2300429.118099875,2300429.134704126
5,449,1.1047,12.8646,2300429.076368959,2300429.134767750,2300429.151370792
5,450,1.1224,10.2343,2300429.093035334,2300429.151424417,2300429.168037459
5,451,1.1220,10.5931,2300429.109702625,2300429.168078959,2300429.184704125
5,452,1.0892,9.9428,2300429.126369459,2300429.184745542,2300429.201370792
5,453,1.0926,10.3595,2300429.143036167,2300429.201425251,2300429.218037459
5,454,1.0775,10.9478,2300429.159704584,2300429.218088959,2300429.234704126
5,455,1.0906,11.7097,2300429.176369209,2300429.234741917,2300429.251370792
5,456,1.1290,10.4076,2300429.193032750,2300429.251421584,2300429.268037459
5,457,1.0520,9.5130,2300429.209702125,2300429.268072750,2300429.284704125
5,458,1.1161,10.4586,2300429.226365917,2300429.284756375,2300429.301370792
5,459,1.1167,11.7635,2300429.243035000,2300429.301422417,2300429.318037459
5,460,1.1024,10.8915,2300429.259700750,2300429.318081875,2300429.334704125
5,461,1.0375,9.4953,2300429.276365626,2300429.334753001,2300429.351370792
5,462,1.1033,11.2452,2300429.293034959,2300429.351420834,2300429.368037459
5,463,1.0606,10.0895,2300429.309701709,2300429.368080167,2300429.384704126
5,464,1.1947,11.4178,2300429.326365334,2300429.384771959,2300429.401370792
5,465,1.1122,11.8449,2300429.343033875,2300429.401426792,2300429.418037459
5,466,1.1280,10.6787,2300429.359701834,2300429.418083417,2300429.434704125
5,467,1.0680,9.4925,2300429.376366584,2300429.434751459,2300429.451370792
5,468,1.1568,12.4745,2300429.393033542,2300429.451424584,2300429.468037459
5,469,1.0604,10.4489,2300429.409701292,2300429.468075376,2300429.484704126
5,470,1.1104,13.0411,2300429.426366209,2300429.484750750,2300429.501370792
5,471,1.2062,13.0507,2300429.443033917,2300429.501419875,2300429.518037459
5,472,1.1992,13.4011,2300429.459697917,2300429.518091750,2300429.534704125
5,473,1.1514,10.9525,2300429.476365959,2300429.534754501,2300429.551370792
5,474,1.1284,13.3332,2300429.493033084,2300429.551418625,2300429.568037459
5,475,1.0808,11.1137,2300429.509700584,2300429.568080001,2300429.584704125
5,476,1.1305,13.8440,2300429.526367167,2300429.584751292,2300429.601370792
5,477,1.1408,14.4458,2300429.543030792,2300429.601428959,2300429.618037459
5,478,1.1794,13.8329,2300429.559699042,2300429.618090667,2300429.634704126
5,479,1.0750,11.3238,2300429.576365292,2300429.634742542,2300429.651370792
5,480,1.1682,14.1266,2300429.593032375,2300429.651420292,2300429.668037459
5,481,1.0944,11.2718,2300429.609699501,2300429.668084667,2300429.684704125
5,482,1.1992,14.2080,2300429.626363625,2300429.684746459,2300429.701370792
5,483,1.2233,14.5344,2300429.643032417,2300429.701407000,2300429.718037459
5,484,1.0756,14.4130,2300429.659698792,2300429.718098834,2300429.734704126
5,485,1.1205,11.3077,2300429.676365251,2300429.734746417,2300429.751370792
5,486,1.0702,14.1640,2300429.693031667,2300429.751417626,2300429.768037459
5,487,1.0398,11.1953,2300429.709699042,2300429.768090292,2300429.784704125
5,488,1.1015,13.9944,2300429.726365042,2300429.784771709,2300429.801370792
5,489,1.0830,13.3514,2300429.743029667,2300429.801427917,2300429.818037459
5,490,1.0320,10.7640,2300429.759696167,2300429.818092084,2300429.834704125
5,491,1.0228,7.8263,2300429.776364584,2300429.834760167,2300429.851370792
5,492,1.0371,10.0495,2300429.793032917,2300429.851410251,2300429.868037459
5,493,1.0310,9.4954,2300429.809699042,2300429.868089834,2300429.884704126
5,494,1.0503,15.6988,2300429.826363876,2300429.884760750,2300429.901370792
5,495,1.0527,14.3172,2300429.843031000,2300429.901429667,2300429.918037459
5,496,1.0710,12.3975,2300429.859698709,2300429.918085792,2300429.934704125
5,497,1.0772,10.6313,2300429.876364334,2300429.934758876,2300429.951370792
5,498,1.0301,12.4102,2300429.893028792,2300429.951410792,2300429.968037459
5,499,1.1550,10.6592,2300429.909697292,2300429.968091292,2300429.984704126
5,500,1.2080,12.5973,2300429.926362667,2300429.984744042,2300430.001370792
5,501,1.1228,12.5458,2300429.943031084,2300430.001438250,2300430.018037459
5,502,1.2974,12.3001,2300429.959698126,2300430.018088500,2300430.034704125
5,503,1.1453,11.4560,2300429.976363084,2300430.034762417,2300430.051370792
5,504,1.0322,12.0236,2300429.993028209,2300430.051407542,2300430.068037459
5,505,1.0947,11.8704,2300430.009696959,2300430.068080709,2300430.084704125
5,506,1.0769,11.9176,2300430.026363500,2300430.084751792,2300430.101370792
5,507,1.0585,12.9839,2300430.043029792,2300430.101422417,2300430.118037459
5,508,1.0379,12.9481,2300430.059694542,2300430.118097959,2300430.134704126
5,509,1.0361,12.5703,2300430.076361834,2300430.134747584,2300430.151370792
5,510,1.1278,11.7627,2300430.093028625,2300430.151412709,2300430.168037459
5,511,1.1109,12.6278,2300430.109696084,2300430.168086542,2300430.184704125
5,512,1.0771,11.9641,2300430.126363875,2300430.184750709,2300430.201370792
5,513,1.1550,13.5654,2300430.143027334,2300430.201442292,2300430.218037459
5,514,1.1117,13.5937,2300430.159696001,2300430.218102001,2300430.234704126
5,515,1.1291,13.1241,2300430.176362709,2300430.234752584,2300430.251370792
5,516,1.0922,11.6861,2300430.193028459,2300430.251412792,2300430.268037459
5,517,1.1597,13.1780,2300430.209697334,2300430.268105126,2300430.284704125
5,518,1.1246,11.6914,2300430.226360334,2300430.284755292,2300430.301370792
5,519,1.1420,13.6483,2300430.243026834,2300430.301423251,2300430.318037459
5,520,1.1520,14.1212,2300430.259695209,2300430.318096917,2300430.334704125
5,521,1.1409,13.5620,2300430.276363292,2300430.334765750,2300430.351370792
5,522,1.0762,11.7334,2300430.293028626,2300430.351424626,2300430.368037459
5,523,1.1373,13.4111,2300430.309696001,2300430.368093667,2300430.384704126
5,524,1.1933,11.7724,2300430.326363459,2300430.384767667,2300430.401370792
5,525,1.1395,13.7738,2300430.343028792,2300430.401423667,2300430.418037459
5,526,1.2095,14.6826,2300430.359695209,2300430.418081417,2300430.434704125
5,527,1.1754,14.7320,2300430.376361917,2300430.434763751,2300430.451370792
5,528,1.1316,11.4019,2300430.393027459,2300430.451412001,2300430.468037459
5,529,1.1421,13.9488,2300430.409692542,2300430.468084001,2300430.484704126
5,530,1.1930,11.6784,2300430.426360792,2300430.484765375,2300430.501370792
5,531,1.1679,14.2984,2300430.443027959,2300430.501440959,2300430.518037459
5,532,1.0946,14.9980,2300430.459694667,2300430.518106875,2300430.534704125
5,533,1.2903,14.9319,2300430.476361542,2300430.534767542,2300430.551370792
5,534,1.1243,11.8121,2300430.493026292,2300430.551432084,2300430.568037459
5,535,1.0885,15.2381,2300430.509693334,2300430.568085501,2300430.584704125
5,536,1.0596,15.5587,2300430.526361500,2300430.584753834,2300430.601370792
5,537,1.1000,15.3970,2300430.543028626,2300430.601424042,2300430.618037459
5,538,1.1710,14.7294,2300430.559694292,2300430.618095584,2300430.634704126
5,539,1.1262,15.9177,2300430.576358250,2300430.634757792,2300430.651370792
5,540,1.0848,10.2572,2300430.593028001,2300430.651432959,2300430.668037459
5,541,1.0958,12.5381,2300430.609693959,2300430.668079375,2300430.684704125
5,542,1.0958,10.9928,2300430.626360459,2300430.684758625,2300430.701370792
5,543,1.1127,13.1586,2300430.643027876,2300430.701412959,2300430.718037459
5,544,1.1075,14.1313,2300430.659691126,2300430.718102251,2300430.734704126
5,545,1.0995,13.8616,2300430.676359542,2300430.734767376,2300430.751370792
5,546,1.1079,10.7811,2300430.693026167,2300430.751425250,2300430.768037459
5,547,1.0830,13.2568,2300430.709695125,2300430.768074209,2300430.784704125
5,548,1.1092,10.8348,2300430.726358626,2300430.784766626,2300430.801370792
5,549,1.0702,13.4622,2300430.743025959,2300430.801431542,2300430.818037459
5,550,1.1790,13.0715,2300430.759692250,2300430.818098876,2300430.834704125
5,551,1.1445,12.5132,2300430.776358459,2300430.834754375,2300430.851370792
5,552,1.1812,10.8759,2300430.793026042,2300430.851428042,2300430.868037459
5,553,1.1325,11.4704,2300430.809692417,2300430.868086417,2300430.884704126
5,554,1.3098,10.9374,2300430.826358000,2300430.884760667,2300430.901370792
5,555,1.1865,11.7393,2300430.843025959,2300430.901424959,2300430.918037459
5,556,1.1756,11.8619,2300430.859692000,2300430.918099792,2300430.934704125
5,557,1.2008,12.8035,2300430.876359292,2300430.934759042,2300430.951370792
5,558,1.2108,11.9043,2300430.893025209,2300430.951430917,2300430.968037459
5,559,1.1175,10.5222,2300430.909692417,2300430.968084167,2300430.984704126
5,560,1.1761,11.0781,2300430.926356250,2300430.984753584,2300431.001370792
5,561,1.1715,10.9794,2300430.943025250,2300431.001425292,2300431.018037459
5,562,1.1063,12.2815,2300430.959691251,2300431.018094501,2300431.034704125
5,563,1.1342,12.2180,2300430.976358792,2300431.034760084,2300431.051370792
5,564,1.1655,11.6433,2300430.993025500,2300431.051428000,2300431.068037459
5,565,1.1693,9.7916,2300431.009691042,2300431.068094667,2300431.084704125
5,566,1.1932,10.9204,2300431.026357626,2300431.084768084,2300431.101370792
5,567,1.1917,11.9201,2300431.043025042,2300431.101430292,2300431.118037459
5,568,1.1558,10.9128,2300431.059688917,2300431.118107000,2300431.134704126
5,569,1.1695,9.4959,2300431.076356459,2300431.134755126,2300431.151370792
5,570,1.1562,10.8317,2300431.093023667,2300431.151428292,2300431.168037459
5,571,1.1284,9.5815,2300431.109690500,2300431.168090917,2300431.184704125
5,572,1.1657,10.4448,2300431.126355167,2300431.184768209,2300431.201370792
5,573,1.1581,10.6485,2300431.143022875,2300431.201423542,2300431.218037459
5,574,1.1792,10.3560,2300431.159690876,2300431.218101709,2300431.234704126
5,575,1.1050,9.1102,2300431.176359209,2300431.234759750,2300431.251370792
5,576,1.1636,10.8719,2300431.193024001,2300431.251436167,2300431.268037459
5,577,1.1153,9.1970,2300431.209691334,2300431.268082959,2300431.284704125
5,578,1.1831,11.8034,2300431.226354584,2300431.284754125,2300431.301370792
5,579,1.1913,11.8474,2300431.243022501,2300431.301419292,2300431.318037459
5,580,1.1434,11.3396,2300431.259687751,2300431.318096417,2300431.334704125
5,581,1.1121,9.5066,2300431.276355792,2300431.334758334,2300431.351370792
5,582,1.1607,11.6318,2300431.293024126,2300431.351413084,2300431.368037459
5,583,1.1235,9.6976,2300431.309691126,2300431.368085917,2300431.384704126
5,584,1.1715,12.7082,2300431.326355917,2300431.384743875,2300431.401370792
5,585,1.1864,13.3064,2300431.343022875,2300431.401426459,2300431.418037459
5,586,1.1264,13.4188,2300431.359687167,2300431.418087542,2300431.434704125
5,587,1.1989,10.7554,2300431.376355459,2300431.434756167,2300431.451370792
5,588,1.1913,13.5115,2300431.393024334,2300431.451421459,2300431.468037459
5,589,1.1771,10.8605,2300431.409688750,2300431.468099126,2300431.484704126
5,590,1.1210,13.8518,2300431.426355084,2300431.484751084,2300431.501370792
5,591,1.1370,14.3117,2300431.443020042,2300431.501420459,2300431.518037459
5,592,1.1418,14.2395,2300431.459689626,2300431.518100625,2300431.534704125
5,593,0.9519,10.9835,2300431.476354417,2300431.534758500,2300431.551370792
5,594,0.9907,13.8704,2300431.493023001,2300431.551422417,2300431.568037459
5,595,1.0470,11.4474,2300431.509687917,2300431.568089501,2300431.584704125
5,596,1.1675,13.2890,2300431.526354584,2300431.584745959,2300431.601370792
5,597,1.1945,12.5304,2300431.543021459,2300431.601423167,2300431.618037459
5,598,1.1470,10.4307,2300431.559688501,2300431.618086917,2300431.634704126
5,599,1.0425,7.3403,2300431.576352626,2300431.634751751,2300431.651370792
5,600,1.1342,9.6279,2300431.593020542,2300431.651429209,2300431.668037459
5,601,1.1711,8.9289,2300431.609685751,2300431.668103876,2300431.684704125
5,602,1.1145,13.3600,2300431.626352334,2300431.684760584,2300431.701370792
5,603,1.1716,13.7696,2300431.643018917,2300431.701433792,2300431.718037459
5,604,1.1612,13.5335,2300431.659688417,2300431.718105584,2300431.734704126
5,605,1.1916,10.9584,2300431.676353625,2300431.734772167,2300431.751370792
5,606,1.1406,12.9694,2300431.693021042,2300431.751425084,2300431.768037459
5,607,1.1584,10.4881,2300431.709686875,2300431.768106125,2300431.784704125
5,608,1.0670,12.9799,2300431.726353667,2300431.784751209,2300431.801370792
5,609,1.1442,11.9175,2300431.743020167,2300431.801430375,2300431.818037459
5,610,1.1867,12.6995,2300431.759686584,2300431.818107251,2300431.834704125
5,611,1.1203,11.2373,2300431.776353084,2300431.834747834,2300431.851370792
5,612,1.0957,13.0540,2300431.793021501,2300431.851414917,2300431.868037459
5,613,1.1154,11.2491,2300431.809687500,2300431.868098125,2300431.884704126
5,614,1.0627,12.6270,2300431.826351209,2300431.884750125,2300431.901370792
5,615,1.0948,13.2005,2300431.843017792,2300431.901425750,2300431.918037459
5,616,1.0636,12.6396,2300431.859686126,2300431.918100334,2300431.934704125
5,617,1.0813,11.9204,2300431.876352917,2300431.934757084,2300431.951370792
5,618,1.0482,11.9745,2300431.893019084,2300431.951417542,2300431.968037459
5,619,1.1087,11.7208,2300431.909684084,2300431.968099501,2300431.984704126
5,620,1.0367,11.2599,2300431.926350626,2300431.984757417,2300432.001370792
5,621,1.1295,12.4266,2300431.943019959,2300432.001423834,2300432.018037459
5,622,1.1340,13.6308,2300431.959683750,2300432.018103542,2300432.034704125
5,623,1.1449,12.7868,2300431.976351417,2300432.034767292,2300432.051370792
5,624,1.0832,11.3101,2300431.993019500,2300432.051426000,2300432.068037459
5,625,1.1066,12.2998,2300432.009683459,2300432.068093709,2300432.084704125
5,626,1.0512,11.3319,2300432.026350126,2300432.084753084,2300432.101370792
5,627,1.1213,13.0948,2300432.043020584,2300432.101427334,2300432.118037459
5,628,1.1220,13.5712,2300432.059683209,2300432.118101167,2300432.134704126
5,629,1.1246,13.4492,2300432.076349792,2300432.134772500,2300432.151370792
5,630,1.1232,11.2200,2300432.093016375,2300432.151429417,2300432.168037459
5,631,1.1155,13.2553,2300432.109685251,2300432.168097542,2300432.184704125
5,632,1.1294,11.1320,2300432.126349500,2300432.184749334,2300432.201370792
5,633,1.1612,13.1036,2300432.143018626,2300432.201416167,2300432.218037459
5,634,1.4125,13.9683,2300432.159682667,2300432.218093000,2300432.234704126
5,635,1.1758,13.9455,2300432.176351084,2300432.234755876,2300432.251370792
5,636,1.0698,11.5077,2300432.193015834,2300432.251419126,2300432.268037459
5,637,1.2212,13.9639,2300432.209684751,2300432.268089417,2300432.284704125
5,638,1.1211,11.5665,2300432.226351834,2300432.284758251,2300432.301370792
5,639,1.1349,14.2293,2300432.243017876,2300432.301431542,2300432.318037459
6,32,2.7850,12.7151,2300432.809679001,2300432.868083001,2300432.884704126
6,33,2.8351,13.3569,2300432.826346417,2300432.884756042,2300432.901370792
6,34,2.8210,14.2547,2300432.843012292,2300432.901428084,2300432.918037459
6,35,2.7724,13.0249,2300432.859680959,2300432.918092417,2300432.934704125
6,36,2.9302,11.4929,2300432.876347001,2300432.934744292,2300432.951370792
6,37,2.9074,12.6312,2300432.893013125,2300432.951427876,2300432.968037459
6,38,2.7060,11.9614,2300432.909680334,2300432.968084209,2300432.984704126
6,39,2.8189,15.0513,2300432.926347667,2300432.984767001,2300433.001370792
6,40,2.8041,16.3103,2300432.943011500,2300433.001416125,2300433.018037459
6,41,2.8332,13.8400,2300432.959680667,2300433.018087917,2300433.034704125
6,42,2.7101,12.1875,2300432.976346375,2300433.034739126,2300433.051370792
6,43,2.8841,13.1041,2300432.993011292,2300433.051416209,2300433.068037459
6,44,2.8232,12.2276,2300433.009680792,2300433.068083334,2300433.084704125
6,45,2.9440,14.7000,2300433.026345292,2300433.084754959,2300433.101370792
6,46,2.9440,16.4584,2300433.043013167,2300433.101406209,2300433.118037459
6,47,2.9595,14.7155,2300433.059677584,2300433.118094375,2300433.134704126
6,48,2.7099,12.1189,2300433.076345625,2300433.134752709,2300433.151370792
6,49,2.8344,13.9325,2300433.093013626,2300433.151413001,2300433.168037459
6,50,2.8467,11.9689,2300433.109679167,2300433.168078251,2300433.184704125
6,51,2.8753,15.1915,2300433.126347167,2300433.184741001,2300433.201370792
6,52,2.9609,15.9672,2300433.143012626,2300433.201409584,2300433.218037459
6,53,2.9284,15.4595,2300433.159679376,2300433.218085376,2300433.234704126
6,54,2.8661,11.7740,2300433.176343584,2300433.234748542,2300433.251370792
6,55,2.9157,13.9300,2300433.193012709,2300433.251405709,2300433.268037459
6,56,2.8772,11.8172,2300433.209678750,2300433.268084709,2300433.284704125
6,57,2.8894,14.3461,2300433.226345417,2300433.284748834,2300433.301370792
6,58,2.9035,16.0877,2300433.243010376,2300433.301422667,2300433.318037459
6,59,2.8937,15.7376,2300433.259679500,2300433.318083209,2300433.334704125
6,60,2.8064,12.1912,2300433.276343001,2300433.334758251,2300433.351370792
6,61,2.8264,14.6943,2300433.293011542,2300433.351409917,2300433.368037459
6,62,2.7942,11.9965,2300433.309676126,2300433.368080959,2300433.384704126
6,63,3.0551,14.8871,2300433.326342709,2300433.384753292,2300433.401370792
6,64,3.0129,16.0395,2300433.343009251,2300433.401412334,2300433.418037459
6,65,3.0682,16.0748,2300433.359675834,2300433.418088834,2300433.434704125
6,66,3.2514,13.1048,2300433.376342417,2300433.434759376,2300433.451370792
6,67,2.9539,14.3542,2300433.393011875,2300433.451412834,2300433.468037459
6,68,3.0354,13.2084,2300433.409678834,2300433.468087000,2300433.484704126
6,69,2.9579,14.7850,2300433.426343751,2300433.484743584,2300433.501370792
6,70,3.0081,15.9610,2300433.443010834,2300433.501431917,2300433.518037459
6,71,2.9376,15.8745,2300433.459678209,2300433.518087459,2300433.534704125
6,72,2.5855,12.0978,2300433.476344667,2300433.534754750,2300433.551370792
6,73,2.8020,14.3645,2300433.493008459,2300433.551419125,2300433.568037459
6,74,2.7415,12.0896,2300433.509675000,2300433.568087875,2300433.584704125
6,75,2.8459,14.8169,2300433.526345001,2300433.584751042,2300433.601370792
6,76,2.9334,19.9002,2300433.543008209,2300433.601420750,2300433.618037459
6,77,2.8175,21.6315,2300433.559679251,2300433.618089626,2300433.634704126
6,78,2.7745,22.1255,2300433.576343209,2300433.634745542,2300433.651370792
6,79,2.8265,20.2126,2300433.593010584,2300433.651422292,2300433.668037459
6,80,2.9733,14.9117,2300433.609674417,2300433.668096500,2300433.684704125
6,81,2.9306,13.0256,2300433.626341042,2300433.684753709,2300433.701370792
6,82,2.7915,13.2212,2300433.643010709,2300433.701433750,2300433.718037459
6,83,2.9061,12.8011,2300433.659677334,2300433.718096542,2300433.734704126
6,84,2.8534,11.8762,2300433.676340709,2300433.734763292,2300433.751370792
6,85,2.5888,11.6239,2300433.693007292,2300433.751410625,2300433.768037459
6,86,2.7320,11.3017,2300433.709676376,2300433.768085084,2300433.784704125
6,87,2.6780,11.6879,2300433.726341167,2300433.784751167,2300433.801370792
6,88,2.7878,12.4326,2300433.743008500,2300433.801428542,2300433.818037459
6,89,2.8506,13.0217,2300433.759676834,2300433.818086626,2300433.834704125
6,90,2.8801,11.4908,2300433.776340167,2300433.834760167,2300433.851370792
6,91,2.7824,11.5528,2300433.793006750,2300433.851417709,2300433.868037459
6,92,2.8211,11.5306,2300433.809676667,2300433.868098292,2300433.884704126
6,93,2.7622,11.5041,2300433.826339917,2300433.884751000,2300433.901370792
6,94,2.9427,12.2815,2300433.843006459,2300433.901432625,2300433.918037459
6,95,2.8876,14.2962,2300433.859675084,2300433.918116167,2300433.934704125
6,96,2.8865,13.1189,2300433.876339584,2300433.934759417,2300433.951370792
6,97,2.7888,10.9366,2300433.893006125,2300433.951415084,2300433.968037459
6,98,2.8501,12.9245,2300433.909674917,2300433.968104209,2300433.984704126
6,99,2.8242,11.0185,2300433.926342876,2300433.984754250,2300434.001370792
6,100,2.8861,12.4310,2300433.943009209,2300434.001440709,2300434.018037459
6,101,2.8730,13.6837,2300433.959674917,2300434.018095626,2300434.034704125
6,102,2.9414,13.1707,2300433.976341959,2300434.034752626,2300434.051370792
6,103,2.8160,10.8672,2300433.993008334,2300434.051420167,2300434.068037459
6,104,3.0921,12.7987,2300434.009675376,2300434.068100834,2300434.084704125
6,105,2.9462,10.9559,2300434.026341876,2300434.084762584,2300434.101370792
6,106,3.0158,13.1418,2300434.043008001,2300434.101426292,2300434.118037459
6,107,3.0494,14.5361,2300434.059674167,2300434.118082417,2300434.134704126
6,108,3.0758,14.3935,2300434.076339751,2300434.134753834,2300434.151370792
6,109,3.0365,10.9159,2300434.093007375,2300434.151427792,2300434.168037459
6,110,3.0517,13.0817,2300434.109673917,2300434.168095334,2300434.184704125
6,111,2.9524,11.1914,2300434.126341876,2300434.184757500,2300434.201370792
6,112,3.0875,13.2116,2300434.143007251,2300434.201413792,2300434.218037459
6,113,3.2202,14.5618,2300434.159673250,2300434.218067375,2300434.234671167
6,114,3.0713,14.6009,2300434.176340876,2300434.234727875,2300434.251337834
6,115,2.9949,11.1760,2300434.193004501,2300434.251409167,2300434.268004500
6,116,3.0966,14.2102,2300434.209671084,2300434.268068042,2300434.284671167
6,117,2.9870,11.4581,2300434.226339542,2300434.284739959,2300434.301337834
6,118,3.0784,14.3601,2300434.243006626,2300434.301396709,2300434.318004501
6,119,3.0042,14.4426,2300434.259672125,2300434.318059834,2300434.334671167
6,120,2.9034,14.2179,2300434.276339959,2300434.334738250,2300434.351337834
6,121,2.8548,11.6608,2300434.293005042,2300434.351401626,2300434.368004500
6,122,2.8509,14.0924,2300434.309674584,2300434.368063542,2300434.384671167
6,123,2.9201,11.9205,2300434.326337084,2300434.384737667,2300434.401337834
6,124,2.9352,14.2000,2300434.343006709,2300434.401388876,2300434.418004501
6,125,3.0294,14.4949,2300434.359674459,2300434.418069709,2300434.434671167
6,126,3.0826,14.8065,2300434.376339209,2300434.434731792,2300434.451337834
6,127,2.9308,11.9375,2300434.393005917,2300434.451399917,2300434.468004500
6,128,2.8139,14.4623,2300434.409669917,2300434.468058042,2300434.484671167
6,129,2.9805,12.0126,2300434.426338626,2300434.484736001,2300434.501337834
6,130,2.8123,14.6675,2300434.443003042,2300434.501396167,2300434.518004500
6,131,2.8757,14.6485,2300434.459671959,2300434.518059000,2300434.534671167
6,132,2.8805,14.3324,2300434.476336292,2300434.534731334,2300434.551337834
6,133,2.9374,11.7461,2300434.493005001,2300434.551405001,2300434.568004501
6,134,2.9634,13.6443,2300434.509673750,2300434.568057251,2300434.584671167
6,135,2.9240,11.9425,2300434.526337834,2300434.584738417,2300434.601337834
6,136,2.8875,14.3684,2300434.543002501,2300434.601405584,2300434.618004500
6,137,3.0135,13.8681,2300434.559669084,2300434.618074542,2300434.634671167
6,138,2.9273,13.8873,2300434.576336584,2300434.634721250,2300434.651337834
6,139,3.0791,11.2192,2300434.593005125,2300434.651392459,2300434.668004501
6,140,2.9577,12.1699,2300434.609668750,2300434.668063584,2300434.684671167
6,141,3.0543,13.0843,2300434.626337084,2300434.684723792,2300434.701337834
6,142,2.9056,13.6417,2300434.643004584,2300434.701414834,2300434.718004500
6,143,2.8562,11.0178,2300434.659670501,2300434.718088459,2300434.734671167
6,144,2.6814,11.3533,2300434.676336876,2300434.734724501,2300434.751337834
6,145,2.9058,11.4508,2300434.693001626,2300434.751399917,2300434.768004500
6,146,2.9382,11.7612,2300434.709670709,2300434.768059959,2300434.784671167
6,147,3.0085,11.9239,2300434.726336834,2300434.784742042,2300434.801337834
6,148,2.9245,13.3310,2300434.743004209,2300434.801406209,2300434.818004501
6,149,2.8427,12.3905,2300434.759670459,2300434.818066917,2300434.834671167
6,150,3.1252,10.8078,2300434.776334500,2300434.834739792,2300434.851337834
6,151,2.9751,12.7059,2300434.793001126,2300434.851402501,2300434.868004500
6,152,2.9023,11.0068,2300434.809670667,2300434.868073042,2300434.884671167
6,153,2.9375,15.9686,2300434.826335126,2300434.884734584,2300434.901337834
6,154,3.1084,13.5697,2300434.843003792,2300434.901393625,2300434.918004501
6,155,3.0541,13.8750,2300434.859671000,2300434.918066542,2300434.934671167
6,156,2.8086,10.9380,2300434.876335251,2300434.934730126,2300434.951337834
6,157,2.9271,12.4641,2300434.893003417,2300434.951391959,2300434.968004500
6,158,2.9317,10.9704,2300434.909669959,2300434.968055334,2300434.984671167
6,159,3.0336,12.8392,2300434.926335375,2300434.984739459,2300435.001337834
6,160,3.0092,14.4954,2300434.943002917,2300435.001387625,2300435.018004500
6,161,2.8676,13.2865,2300434.959670126,2300435.018064334,2300435.034671167
6,162,2.7922,10.9499,2300434.976334542,2300435.034726625,2300435.051337834
6,163,2.9042,13.1773,2300434.993002792,2300435.051405334,2300435.068004501
6,164,2.9281,11.0000,2300435.009668042,2300435.068078501,2300435.084671167
6,165,3.0532,12.8345,2300435.026335584,2300435.084728292,2300435.101337834
6,166,2.9381,14.9057,2300435.043001667,2300435.101398042,2300435.118004500
6,167,2.9509,14.1443,2300435.059670209,2300435.118064250,2300435.134671167
6,168,2.8693,11.2279,2300435.076335917,2300435.134732209,2300435.151337834
6,169,2.9933,13.2730,2300435.093001417,2300435.151390709,2300435.168004501
6,170,2.9157,11.2395,2300435.109665917,2300435.168062084,2300435.184671167
6,171,2.9825,13.5520,2300435.126334250,2300435.184723501,2300435.201337834
6,172,2.8831,14.5648,2300435.143001042,2300435.201385834,2300435.218004500
6,173,2.8955,15.0065,2300435.159668667,2300435.218070167,2300435.234671167
6,174,2.8473,11.2998,2300435.176334084,2300435.234737250,2300435.251337834
6,175,2.9455,14.1104,2300435.192998875,2300435.251402375,2300435.268004500
6,176,2.8608,11.4503,2300435.209671251,2300435.268056626,2300435.284671167
6,177,2.9330,14.1853,2300435.226334251,2300435.284732625,2300435.301337834
6,178,2.8495,15.2080,2300435.242998542,2300435.301399917,2300435.318004501
6,179,2.8771,14.5082,2300435.259667834,2300435.318074042,2300435.334671167
6,180,2.8615,11.6988,2300435.276334042,2300435.334729042,2300435.351337834
6,181,3.1317,14.5286,2300435.292998251,2300435.351401959,2300435.368004500
6,182,2.9800,11.6145,2300435.309667834,2300435.368069084,2300435.384671167
6,183,3.0559,14.3125,2300435.326331417,2300435.384734001,2300435.401337834
6,184,3.0221,15.2131,2300435.343000000,2300435.401398209,2300435.418004501
6,185,3.0310,14.2461,2300435.359664501,2300435.418075875,2300435.434671167
6,186,3.0871,12.7311,2300435.376331125,2300435.434743667,2300435.451337834
6,187,3.0507,14.1317,2300435.392997709,2300435.451399917,2300435.468004500
6,188,3.0215,11.7824,2300435.409666667,2300435.468071125,2300435.484671167
6,189,3.0307,14.4614,2300435.426333292,2300435.484733334,2300435.501337834
6,190,3.0615,14.7199,2300435.442999459,2300435.501393959,2300435.518004500
6,191,3.0991,14.8563,2300435.459666750,2300435.518072459,2300435.534671167
6,192,3.1102,11.6822,2300435.476332751,2300435.534737459,2300435.551337834
6,193,3.0286,13.8661,2300435.493000001,2300435.551394084,2300435.568004501
6,194,3.0801,11.8918,2300435.509663667,2300435.568075000,2300435.584671167
6,195,3.0677,14.1258,2300435.526332001,2300435.584723751,2300435.601337834
6,196,3.0520,14.2665,2300435.542999709,2300435.601399126,2300435.618004500
6,197,3.0120,14.0751,2300435.559666209,2300435.618083792,2300435.634671167
6,198,3.0429,11.5247,2300435.576332251,2300435.634733334,2300435.651337834
6,199,3.0387,12.5696,2300435.592996500,2300435.651390959,2300435.668004501
6,200,3.0530,12.3360,2300435.609663084,2300435.668067792,2300435.684671167
6,201,3.1031,13.5679,2300435.626329709,2300435.684742875,2300435.701337834
6,202,2.9429,13.4297,2300435.642999250,2300435.701409792,2300435.718004500
6,203,2.9773,13.0230,2300435.659665209,2300435.718065084,2300435.734671167
6,204,3.0154,11.6994,2300435.676332167,2300435.734757209,2300435.751337834
6,205,2.7250,11.7350,2300435.692997542,2300435.751379542,2300435.768004500
6,206,2.8288,11.9205,2300435.709664334,2300435.768093292,2300435.784671167
6,207,2.7263,11.5791,2300435.726329084,2300435.784727626,2300435.801337834
6,208,2.9920,13.0209,2300435.743000292,2300435.801400084,2300435.818004501
6,209,2.7961,13.6860,2300435.759662251,2300435.818064167,2300435.834671167
6,210,2.8438,12.9127,2300435.776330750,2300435.834738209,2300435.851337834
6,211,2.7972,10.8750,2300435.792998042,2300435.851389584,2300435.868004500
6,212,2.9641,11.8530,2300435.809665667,2300435.868072292,2300435.884671167
6,213,2.9198,11.0165,2300435.826330959,2300435.884738084,2300435.901337834
6,214,2.9560,12.7408,2300435.842995125,2300435.901391917,2300435.918004501
6,215,2.8967,13.5720,2300435.859661667,2300435.918064417,2300435.934671167
6,216,2.8702,13.0257,2300435.876329501,2300435.934726084,2300435.951337834
6,217,2.9060,10.7970,2300435.892997709,2300435.951390709,2300435.968004500
6,218,2.8974,12.5970,2300435.909664542,2300435.968056459,2300435.984671167
6,219,2.8608,10.9788,2300435.926329000,2300435.984736084,2300436.001337834
6,220,3.0738,13.3312,2300435.942997042,2300436.001406417,2300436.018004500
6,221,3.4412,14.7665,2300435.959662876,2300436.018056084,2300436.034671167
6,222,2.9890,14.5958,2300435.976330375,2300436.034754417,2300436.051337834
6,223,2.7857,11.2709,2300435.992995625,2300436.051400709,2300436.068004501
6,224,2.8226,14.1155,2300436.009664334,2300436.068057500,2300436.084671167
6,225,2.7759,11.3936,2300436.026329709,2300436.084725625,2300436.101337834
6,226,2.8083,14.4751,2300436.042997250,2300436.101394251,2300436.118004500
6,227,2.7925,14.2391,2300436.059660542,2300436.118066667,2300436.134671167
6,228,2.7893,15.3955,2300436.076329500,2300436.134736001,2300436.151337834
6,229,2.8414,11.8135,2300436.092993667,2300436.151402209,2300436.168004501
6,230,2.8473,13.7730,2300436.109663000,2300436.168062959,2300436.184671167
6,231,2.8303,11.5408,2300436.126326917,2300436.184737626,2300436.201337834
6,232,2.8634,14.1265,2300436.142996501,2300436.201396709,2300436.218004500
6,233,2.7546,14.0156,2300436.159660000,2300436.218066459,2300436.234671167
6,234,2.8485,15.1265,2300436.176328501,2300436.234744334,2300436.251337834
6,235,2.9458,11.6575,2300436.192995959,2300436.251403334,2300436.268004500
6,236,2.7929,14.2843,2300436.209663292,2300436.268061417,2300436.284671167
6,237,2.9395,11.6339,2300436.226328667,2300436.284733834,2300436.301337834
6,238,2.7731,14.2903,2300436.242995834,2300436.301408917,2300436.318004501
6,239,2.9655,13.1263,2300436.259662792,2300436.318060709,2300436.334671167
6,240,2.9257,14.3907,2300436.276328542,2300436.334732500,2300436.351337834
6,241,2.9343,12.1050,2300436.292995042,2300436.351400959,2300436.368004500
6,242,2.9445,14.3223,2300436.309659125,2300436.368066626,2300436.384671167
6,243,2.9639,12.0095,2300436.326327876,2300436.384736209,2300436.401337834
6,244,2.9066,14.4183,2300436.342992334,2300436.401404084,2300436.418004501
6,245,2.9088,14.6389,2300436.359658834,2300436.418076917,2300436.434671167
6,246,2.9115,14.6423,2300436.376325459,2300436.434732959,2300436.451337834
6,247,2.9082,12.3236,2300436.392995542,2300436.451393042,2300436.468004500
6,248,2.9393,13.6662,2300436.409658584,2300436.468065750,2300436.484671167
6,249,3.0378,13.1067,2300436.426327126,2300436.484728417,2300436.501337834
6,250,2.8971,14.0646,2300436.442991709,2300436.501389792,2300436.518004500
6,251,2.9046,13.6571,2300436.459660876,2300436.518087459,2300436.534671167
6,252,2.6990,11.4487,2300436.476329459,2300436.534739334,2300436.551337834
6,253,2.6773,11.4110,2300436.492993209,2300436.551416167,2300436.568004501
6,254,2.7477,11.5601,2300436.509658084,2300436.568069959,2300436.584671167
6,255,2.8015,12.2805,2300436.526324584,2300436.584742834,2300436.601337834
6,256,2.8358,14.3057,2300436.542994167,2300436.601406209,2300436.618004500
6,257,2.8032,16.5447,2300436.559657751,2300436.618071501,2300436.634671167
6,258,2.8391,15.1712,2300436.576326375,2300436.634730625,2300436.651337834
6,259,2.9289,15.2624,2300436.592993501,2300436.651407417,2300436.668004501
6,260,2.8905,10.5520,2300436.609660709,2300436.668067584,2300436.684671167
6,261,2.9156,11.0875,2300436.626324042,2300436.684735626,2300436.701337834
6,262,2.8085,11.9541,2300436.642993500,2300436.701401417,2300436.718004500
6,263,2.6714,11.9762,2300436.659660292,2300436.718071042,2300436.734671167
6,264,2.6194,10.3822,2300436.676323709,2300436.734729126,2300436.751337834
6,265,2.7810,11.7049,2300436.692993709,2300436.751399167,2300436.768004500
6,266,2.8190,11.0401,2300436.709659250,2300436.768057334,2300436.784671167
6,267,2.9246,11.5819,2300436.726325959,2300436.784733209,2300436.801337834
6,268,2.9088,12.7948,2300436.742992417,2300436.801392500,2300436.818004501
6,269,2.9592,12.9290,2300436.759659500,2300436.818070584,2300436.834671167
6,270,3.0074,10.6582,2300436.776324667,2300436.834738042,2300436.851337834
6,271,2.9082,12.6516,2300436.792991709,2300436.851390334,2300436.868004500
6,272,2.6510,10.8090,2300436.809656334,2300436.868064834,2300436.884671167
6,273,2.7415,12.3795,2300436.826324459,2300436.884723584,2300436.901337834
6,274,2.9081,13.5831,2300436.842991501,2300436.901396000,2300436.918004501
6,275,2.8981,13.7033,2300436.859656001,2300436.918061292,2300436.934671167
6,276,2.8967,10.9609,2300436.876325125,2300436.934738084,2300436.951337834
6,277,2.8379,13.6880,2300436.892991667,2300436.951392375,2300436.968004500
6,278,2.7829,10.9797,2300436.909657375,2300436.968073834,2300436.984671167
6,279,2.8720,13.5978,2300436.926323292,2300436.984738584,2300437.001337834
6,280,2.8740,13.1749,2300436.942991209,2300437.001384000,2300437.018004500
6,281,2.8158,14.0498,2300436.959658667,2300437.018058626,2300437.034671167
6,282,2.7578,11.2390,2300436.976324042,2300437.034735834,2300437.051337834
6,283,2.8449,13.8370,2300436.992990375,2300437.051396792,2300437.068004501
6,284,2.8055,11.3294,2300437.009655167,2300437.068064834,2300437.084671167
6,285,2.5517,14.0920,2300437.026324584,2300437.084723417,2300437.101337834
6,286,2.5652,14.4687,2300437.042990334,2300437.101404709,2300437.118004500
6,287,2.5678,14.7983,2300437.059657126,2300437.118062001,2300437.134671167
6,288,2.5579,11.3031,2300437.076324251,2300437.134735500,2300437.151337834
6,289,2.5785,13.2766,2300437.092991375,2300437.151403334,2300437.168004501
6,290,2.5464,9.7730,2300437.109658042,2300437.168065959,2300437.184671167
6,291,2.5143,11.9489,2300437.126322959,2300437.184721167,2300437.201337834
6,292,2.5772,11.8780,2300437.142991875,2300437.201400417,2300437.218004500
6,293,2.9324,11.2304,2300437.159657042,2300437.218082042,2300437.234671167
6,294,3.0270,8.7835,2300437.176322792,2300437.234745251,2300437.251337834
6,295,3.1820,10.9291,2300437.192990417,2300437.251390917,2300437.268004500
6,296,3.1810,8.9881,2300437.209654042,2300437.268070876,2300437.284671167
6,297,3.2782,11.0705,2300437.226324501,2300437.284732084,2300437.301337834
6,298,3.3012,12.0458,2300437.242989542,2300437.301400876,2300437.318004501
6,299,3.0614,13.3775,2300437.259657251,2300437.318078959,2300437.334671167
6,300,2.9330,11.2705,2300437.276321167,2300437.334741625,2300437.351337834
6,301,3.0320,13.9047,2300437.292990042,2300437.351386542,2300437.368004500
6,302,3.0312,11.3815,2300437.309656459,2300437.368086917,2300437.384671167
6,303,3.0642,14.1490,2300437.326322542,2300437.384736251,2300437.401337834
6,304,3.2331,14.5721,2300437.342986667,2300437.401417417,2300437.418004501
6,305,3.1203,14.4744,2300437.359656584,2300437.418077542,2300437.434671167
6,306,2.9997,11.7624,2300437.376319751,2300437.434740875,2300437.451337834
6,307,2.8000,13.9832,2300437.392986375,2300437.451391875,2300437.468004500
6,308,2.9239,11.8462,2300437.409652917,2300437.468064334,2300437.484671167
6,309,3.0090,14.2867,2300437.426319459,2300437.484735584,2300437.501337834
6,310,3.0544,14.6387,2300437.442987917,2300437.501401500,2300437.518004500
6,311,2.9724,14.6897,2300437.459652625,2300437.518061167,2300437.534671167
6,312,2.9814,11.6839,2300437.476320834,2300437.534739459,2300437.551337834
6,313,2.8915,13.7251,2300437.492985792,2300437.551397917,2300437.568004501
6,314,3.0665,11.8228,2300437.509654292,2300437.568069584,2300437.584671167
6,315,2.8632,13.9303,2300437.526318876,2300437.584733167,2300437.601337834
6,316,3.0819,14.2109,2300437.542988459,2300437.601408167,2300437.618004500
6,317,3.1130,14.5601,2300437.559654792,2300437.618075584,2300437.634671167
6,318,2.9895,11.2193,2300437.576319917,2300437.634744084,2300437.651337834
6,319,2.9735,12.1423,2300437.592987209,2300437.651395917,2300437.668004501
6,320,2.9587,11.7305,2300437.609655709,2300437.668073584,2300437.684671167
6,321,2.8339,12.4708,2300437.626318417,2300437.684725959,2300437.701337834
6,322,2.9310,13.0921,2300437.642984917,2300437.701395667,2300437.718004500
6,323,2.7752,11.7826,2300437.659653667,2300437.718082667,2300437.734671167
6,324,2.8810,11.7510,2300437.676320501,2300437.734744250,2300437.751337834
6,325,2.7993,11.3350,2300437.692984626,2300437.751394292,2300437.768004500
6,326,2.8867,11.9511,2300437.709653626,2300437.768068792,2300437.784671167
6,327,2.7243,11.4334,2300437.726319375,2300437.784717667,2300437.801337834
6,328,2.9881,13.3308,2300437.742987250,2300437.801386501,2300437.818004501
6,329,2.6566,13.4725,2300437.759652625,2300437.818069126,2300437.834671167
6,330,2.7972,12.6537,2300437.776319542,2300437.834726251,2300437.851337834
6,331,2.6991,11.0318,2300437.792984126,2300437.851377501,2300437.868004500
6,332,2.8475,12.8880,2300437.809655209,2300437.868067667,2300437.884671167
6,333,2.7855,11.0716,2300437.826317167,2300437.884722209,2300437.901337834
6,334,2.7990,13.4982,2300437.842983834,2300437.901379126,2300437.918004501
6,335,3.0920,13.4947,2300437.859652251,2300437.918059959,2300437.934671167
6,336,2.9050,13.4425,2300437.876316959,2300437.934721334,2300437.951337834
6,337,2.7094,11.0973,2300437.892985334,2300437.951393584,2300437.968004500
6,338,3.2320,12.9275,2300437.909650042,2300437.968045042,2300437.984671167
6,339,3.1087,11.2776,2300437.926320334,2300437.984733959,2300438.001337834
6,340,3.0114,13.0543,2300437.942986334,2300438.001388000,2300438.018004500
6,341,3.1021,14.1244,2300437.959652334,2300438.018053792,2300438.034671167
6,342,2.9619,13.7913,2300437.976316376,2300438.034732751,2300438.051337834
6,343,2.8401,11.1185,2300437.992982917,2300438.051389625,2300438.068004501
6,344,2.8678,13.4089,2300438.009652417,2300438.068050042,2300438.084671167
6,345,2.8450,11.1841,2300438.026318417,2300438.084730334,2300438.101337834
6,346,3.0389,14.1225,2300438.042984751,2300438.101382667,2300438.118004500
6,347,3.0444,14.1507,2300438.059651834,2300438.118064084,2300438.134671167
6,348,3.0318,15.0323,2300438.076317500,2300438.134729792,2300438.151337834
6,349,2.8664,11.4047,2300438.092984459,2300438.151386626,2300438.168004501
6,350,2.9635,14.1814,2300438.109651500,2300438.168058251,2300438.184671167
6,351,2.9942,11.4877,2300438.126318459,2300438.184737001,2300438.201337834
6,352,3.0969,14.0371,2300438.142983417,2300438.201384000,2300438.218004500
6,353,3.1928,14.2202,2300438.159651959,2300438.218062875,2300438.234671167
6,354,3.0798,14.0447,2300438.176317917,2300438.234726542,2300438.251337834
6,355,3.0042,11.5012,2300438.192982667,2300438.251403001,2300438.268004500
6,356,3.0633,14.0495,2300438.209651042,2300438.268064417,2300438.284671167
6,357,3.0302,11.3211,2300438.226317417,2300438.284722459,2300438.301337834
6,358,2.9966,13.8613,2300438.242984125,2300438.301389542,2300438.318004501
6,359,3.0402,14.2451,2300438.259650959,2300438.318047417,2300438.334671167
6,360,3.1029,14.4649,2300438.276317209,2300438.334734250,2300438.351337834
6,361,3.0716,11.6544,2300438.292983667,2300438.351389376,2300438.368004500
6,362,2.9024,13.4846,2300438.309648209,2300438.368048709,2300438.384671167
6,363,2.9493,11.5634,2300438.326316542,2300438.384737000,2300438.401337834
6,364,2.8986,13.5208,2300438.342984125,2300438.401410875,2300438.418004501
6,365,2.7869,13.3236,2300438.359647500,2300438.418054334,2300438.434671167
6,366,2.7866,13.2130,2300438.376315542,2300438.434710626,2300438.451337834
6,367,2.7915,12.9935,2300438.392983834,2300438.451416126,2300438.468004500
6,368,2.6875,11.6632,2300438.409647251,2300438.468050876,2300438.484671167
6,369,2.8663,12.0332,2300438.426316459,2300438.484718501,2300438.501337834
6,370,2.9672,12.2605,2300438.442983084,2300438.501402875,2300438.518004500
6,371,3.0579,12.6175,2300438.459649834,2300438.518061667,2300438.534671167
6,372,3.1226,11.0444,2300438.476316917,2300438.534724209,2300438.551337834
6,373,2.9320,11.0535,2300438.492981875,2300438.551402792,2300438.568004501
6,374,2.9247,11.0866,2300438.509646667,2300438.568062834,2300438.584671167
6,375,3.0861,11.5750,2300438.526315000,2300438.584731959,2300438.601337834
6,376,2.9819,13.2405,2300438.542983125,2300438.601397542,2300438.618004500
6,377,2.9518,11.3636,2300438.559647084,2300438.618051542,2300438.634671167
6,378,2.7834,10.5392,2300438.576314625,2300438.634721834,2300438.651337834
6,379,2.9362,11.2488,2300438.592981542,2300438.651382584,2300438.668004501
6,380,2.9277,10.7196,2300438.609648875,2300438.668052417,2300438.684671167
6,381,3.0649,12.4038,2300438.626312709,2300438.684721251,2300438.701337834
6,382,3.0723,12.9298,2300438.642979250,2300438.701389209,2300438.718004500
6,383,3.0718,13.0131,2300438.659645834,2300438.718052250,2300438.734671167
6,384,2.8865,10.6542,2300438.676316084,2300438.734732876,2300438.751337834
6,385,3.0879,12.6065,2300438.692978959,2300438.751390292,2300438.768004500
6,386,3.0612,10.9500,2300438.709646709,2300438.768073042,2300438.784671167
6,387,3.1373,12.9275,2300438.726312084,2300438.784717251,2300438.801337834
6,388,3.0957,14.5505,2300438.742978667,2300438.801384584,2300438.818004501
6,389,3.0557,14.5494,2300438.759647750,2300438.818051375,2300438.834671167
6,390,2.9025,11.0089,2300438.776313625,2300438.834738126,2300438.851337834
6,391,2.9297,13.1931,2300438.792980209,2300438.851379417,2300438.868004500
6,392,2.8587,11.0571,2300438.809650167,2300438.868060750,2300438.884671167
6,393,2.8064,13.8741,2300438.826311542,2300438.884712376,2300438.901337834
6,394,2.8940,14.1905,2300438.842980334,2300438.901396667,2300438.918004501
6,395,2.8633,14.0385,2300438.859647001,2300438.918061542,2300438.934671167
6,396,2.8292,11.2708,2300438.876313251,2300438.934721459,2300438.951337834
6,397,2.9856,14.0168,2300438.892978875,2300438.951394917,2300438.968004500
6,398,2.9811,11.4276,2300438.909647542,2300438.968073500,2300438.984671167
6,399,3.1582,13.9614,2300438.926312542,2300438.984715626,2300439.001337834
6,400,3.1213,14.2830,2300438.942979875,2300439.001409459,2300439.018004500
6,401,3.0830,14.9100,2300438.959647542,2300439.018079167,2300439.034671167
6,402,3.0205,11.4083,2300438.976313001,2300439.034726209,2300439.051337834
6,403,3.0936,14.0332,2300438.992981875,2300439.051392251,2300439.068004501
6,404,3.0880,11.7167,2300439.009643792,2300439.068073167,2300439.084671167
6,405,3.0659,14.2815,2300439.026312750,2300439.084734376,2300439.101337834
6,406,3.0131,14.2501,2300439.042979292,2300439.101406209,2300439.118004500
6,407,2.9123,14.2600,2300439.059645959,2300439.118069876,2300439.134671167
6,408,2.9478,11.5545,2300439.076313251,2300439.134728501,2300439.151337834
6,409,2.9499,14.1342,2300439.092979292,2300439.151387251,2300439.168004501
6,410,2.9397,11.6870,2300439.109646334,2300439.168060292,2300439.184671167
6,411,2.8997,14.2745,2300439.126311501,2300439.184715834,2300439.201337834
6,412,2.9105,14.7529,2300439.142979667,2300439.201394251,2300439.218004500
6,413,2.9512,14.0810,2300439.159644834,2300439.218061876,2300439.234671167
6,414,2.9886,11.6678,2300439.176312667,2300439.234734834,2300439.251337834
6,415,2.8976,13.6868,2300439.192976126,2300439.251389501,2300439.268004500
6,416,3.0092,11.9753,2300439.209646167,2300439.268069251,2300439.284671167
6,417,2.9878,13.8485,2300439.226311167,2300439.284722875,2300439.301337834
6,418,3.1287,13.7880,2300439.242979000,2300439.301397917,2300439.318004501
6,419,3.0451,13.1043,2300439.259646084,2300439.318062584,2300439.334671167
6,420,2.9635,11.2334,2300439.276311500,2300439.334737667,2300439.351337834
6,421,2.8404,12.0501,2300439.292977459,2300439.351398334,2300439.368004500
6,422,3.0410,11.9799,2300439.309646500,2300439.368062292,2300439.384671167
6,423,2.9803,12.3618,2300439.326310459,2300439.384728501,2300439.401337834
6,424,3.0984,13.0137,2300439.342977501,2300439.401406459,2300439.418004501
6,425,3.0727,12.1219,2300439.359645042,2300439.418062001,2300439.434671167
6,426,3.0625,11.9221,2300439.376311625,2300439.434725334,2300439.451337834
6,427,2.8817,11.4770,2300439.392974959,2300439.451393126,2300439.468004500
6,428,2.8763,11.8133,2300439.409641667,2300439.468057125,2300439.484671167
6,429,2.9507,11.3863,2300439.426308209,2300439.484712751,2300439.501337834
6,430,3.0514,12.3860,2300439.442977292,2300439.501385417,2300439.518004500
6,431,2.9775,13.4111,2300439.459644542,2300439.518071667,2300439.534671167
6,432,2.8399,12.6745,2300439.476308876,2300439.534735792,2300439.551337834
6,433,2.6982,11.0034,2300439.492974417,2300439.551394584,2300439.568004501
6,434,2.8460,11.8763,2300439.509640917,2300439.568060625,2300439.584671167
6,435,2.7291,11.1742,2300439.526307500,2300439.584731834,2300439.601337834
6,436,2.8019,15.6099,2300439.542977501,2300439.601397250,2300439.618004500
6,437,2.8003,15.5932,2300439.559643792,2300439.618044167,2300439.634671167
6,438,2.8283,18.0111,2300439.576309542,2300439.634729459,2300439.651337834
6,439,2.8043,13.9345,2300439.592973875,2300439.651397417,2300439.668004501
6,440,2.9750,12.7200,2300439.609643167,2300439.668063959,2300439.684671167
6,441,2.8165,10.7312,2300439.626307000,2300439.684736875,2300439.701337834
6,442,2.8543,12.4365,2300439.642977042,2300439.701383334,2300439.718004500
6,443,2.9407,13.9893,2300439.659642209,2300439.718063209,2300439.734671167
6,444,2.9136,14.1337,2300439.676308126,2300439.734733167,2300439.751337834
6,445,2.8463,10.9489,2300439.692975167,2300439.751399626,2300439.768004500
6,446,2.8882,13.6182,2300439.709642709,2300439.768052667,2300439.784671167
6,447,3.0178,11.0561,2300439.726307625,2300439.784740625,2300439.801337834
6,448,2.8146,13.8959,2300439.742974625,2300439.801396334,2300439.818004501
6,449,2.7675,14.0510,2300439.759643084,2300439.818065959,2300439.834671167
6,450,2.7983,14.7431,2300439.776306167,2300439.834735001,2300439.851337834
6,451,2.9240,11.2991,2300439.792977626,2300439.851389376,2300439.868004500
6,452,2.7941,14.8877,2300439.809642375,2300439.868067251,2300439.884671167
6,453,2.7743,16.8802,2300439.826305834,2300439.884739042,2300439.901337834
6,454,2.7915,15.4783,2300439.842976500,2300439.901400792,2300439.918004501
6,455,2.7680,13.6947,2300439.859638959,2300439.918076251,2300439.934671167
6,456,2.6535,13.7241,2300439.876305542,2300439.934735792,2300439.951337834
6,457,2.6902,11.1577,2300439.892972126,2300439.951404251,2300439.968004500
6,458,2.8319,13.6590,2300439.909643167,2300439.968068459,2300439.984671167
6,459,2.7903,11.2755,2300439.926308334,2300439.984738959,2300440.001337834
6,460,2.6771,13.9509,2300439.942973834,2300440.001372834,2300440.018004500
6,461,2.9270,14.0118,2300439.959640125,2300440.018067209,2300440.034671167
6,462,2.8456,14.7620,2300439.976306917,2300440.034721542,2300440.051337834
6,463,2.7867,11.5342,2300439.992974542,2300440.051397625,2300440.068004501
6,464,2.9256,13.5168,2300440.009640167,2300440.068049542,2300440.084671167
6,465,2.9561,11.4292,2300440.026306375,2300440.084734167,2300440.101337834
6,466,2.8243,13.8558,2300440.042974959,2300440.101353667,2300440.117971042
6,467,3.0508,13.6080,2300440.059640959,2300440.118031959,2300440.134637709
6,468,3.1305,13.6312,2300440.076304376,2300440.134698542,2300440.151304375
6,469,3.1387,11.3372,2300440.092971042,2300440.151366625,2300440.167971042
6,470,2.9122,12.7067,2300440.109637542,2300440.168019667,2300440.184637709
6,471,3.0071,11.3329,2300440.126306125,2300440.184703292,2300440.201304376
6,472,2.9070,13.1729,2300440.142973084,2300440.201366459,2300440.217971042
6,473,2.9765,12.8309,2300440.159638834,2300440.218040876,2300440.234637709
6,474,2.7309,13.2299,2300440.176305542,2300440.234702250,2300440.251304375
6,475,2.7461,11.1751,2300440.192973501,2300440.251366959,2300440.267971042
6,476,2.9289,11.7623,2300440.209640292,2300440.268035125,2300440.284637709
6,477,2.7975,11.6454,2300440.226303584,2300440.284686001,2300440.301304375
6,478,2.7992,12.0065,2300440.242972417,2300440.301353459,2300440.317971042
6,479,2.8047,10.7217,2300440.259638792,2300440.318017334,2300440.334637709
6,480,2.6789,10.5533,2300440.276305250,2300440.334687542,2300440.351304376
6,481,2.8763,11.1786,2300440.292972042,2300440.351358251,2300440.367971042
6,482,2.8335,10.9044,2300440.309636417,2300440.368018875,2300440.384637709
6,483,2.9088,12.5888,2300440.326303001,2300440.384687751,2300440.401304375
6,484,2.9936,12.8759,2300440.342973126,2300440.401363292,2300440.417971042
6,485,2.8832,12.2903,2300440.359638417,2300440.418017084,2300440.434637709
6,486,2.9203,10.4039,2300440.376305167,2300440.434675542,2300440.451304376
6,487,2.9408,12.0998,2300440.392970709,2300440.451350542,2300440.467971042
6,488,2.9557,10.6045,2300440.409638750,2300440.468018125,2300440.484637709
6,489,2.8640,12.3125,2300440.426304542,2300440.484688334,2300440.501304375
6,490,3.1403,12.8290,2300440.442972376,2300440.501355417,2300440.517971042
6,491,2.9400,13.2195,2300440.459635542,2300440.518028792,2300440.534637709
6,492,2.7835,10.5206,2300440.476305875,2300440.534687250,2300440.551304375
6,493,2.9305,12.5605,2300440.492972001,2300440.551343125,2300440.567971042
6,494,2.8294,10.7770,2300440.509638209,2300440.568018959,2300440.584637709
6,495,2.8552,12.5770,2300440.526304292,2300440.584683042,2300440.601304376
6,496,2.9954,13.6729,2300440.542970750,2300440.601356375,2300440.617971042
6,497,3.0948,14.1787,2300440.559635000,2300440.618016417,2300440.634637709
6,498,2.5870,10.9730,2300440.576302376,2300440.634684667,2300440.651304375
6,499,2.6782,12.8587,2300440.592971959,2300440.651349542,2300440.667971042
6,500,2.5569,11.0561,2300440.609636959,2300440.668012417,2300440.684637709
6,501,2.9387,13.2882,2300440.626301292,2300440.684683125,2300440.701304376
6,502,2.7625,14.6852,2300440.642969042,2300440.701349459,2300440.717971042
6,503,3.3482,14.7436,2300440.659637000,2300440.718021667,2300440.734637709
6,504,2.7543,12.0301,2300440.676302417,2300440.734695292,2300440.751304375
6,505,2.6437,13.9086,2300440.692970667,2300440.751343834,2300440.767971042
6,506,2.5063,12.3348,2300440.709636209,2300440.768027209,2300440.784637709
6,507,2.5667,14.2664,2300440.726302959,2300440.784694125,2300440.801304375
6,508,2.5538,15.1340,2300440.742968667,2300440.801352751,2300440.817971042
6,509,2.5325,14.2571,2300440.759637959,2300440.818014292,2300440.834637709
6,510,2.4945,11.2277,2300440.776302834,2300440.834692126,2300440.851304376
6,511,2.4385,12.6230,2300440.792970167,2300440.851359417,2300440.867971042
6,512,2.5495,8.8437,2300440.809635250,2300440.868029917,2300440.884637709
6,513,2.5019,11.0824,2300440.826300126,2300440.884684084,2300440.901304375
6,514,2.6151,11.2143,2300440.842969417,2300440.901354042,2300440.917971042
6,515,3.0010,11.0757,2300440.859635375,2300440.918029625,2300440.934637709
6,516,3.0641,9.0432,2300440.876299834,2300440.934694001,2300440.951304376
6,517,2.8998,11.2329,2300440.892966500,2300440.951353792,2300440.967971042
6,518,3.0376,9.1364,2300440.909632959,2300440.968029084,2300440.984637709
6,519,3.0776,11.4190,2300440.926301292,2300440.984684584,2300441.001304375
6,520,3.0596,12.4604,2300440.942968542,2300441.001352167,2300441.017971042
6,521,3.1346,14.1535,2300440.959635542,2300441.018022334,2300441.034637709
6,522,3.1070,11.6906,2300440.976301709,2300441.034685584,2300441.051304375
6,523,3.0397,13.9412,2300440.992965876,2300441.051364084,2300441.067971042
6,524,3.0196,11.9690,2300441.009634459,2300441.068039084,2300441.084637709
6,525,2.8058,13.9410,2300441.026300084,2300441.084676042,2300441.101304376
6,526,2.9120,13.5339,2300441.042968209,2300441.101361000,2300441.117971042
6,527,2.9856,13.4439,2300441.059634167,2300441.118035334,2300441.134637709
6,528,2.9660,11.3769,2300441.076301792,2300441.134685584,2300441.151304375
6,529,2.7874,11.9634,2300441.092965334,2300441.151345042,2300441.167971042
6,530,2.9060,11.8689,2300441.109633959,2300441.168016459,2300441.184637709
6,531,2.8491,12.2204,2300441.126299250,2300441.184679792,2300441.201304376
6,532,3.0270,12.8244,2300441.142967667,2300441.201355417,2300441.217971042
6,533,2.9104,13.5931,2300441.159634375,2300441.218027000,2300441.234637709
6,534,2.9572,12.7784,2300441.176298126,2300441.234695834,2300441.251304375
6,535,2.7721,11.1311,2300441.192964709,2300441.251362667,2300441.267971042
6,536,2.8850,11.8587,2300441.209633376,2300441.268028042,2300441.284637709
6,537,2.7699,11.3250,2300441.226297875,2300441.284681334,2300441.301304375
6,538,3.1198,13.3309,2300441.242966834,2300441.301356126,2300441.317971042
6,539,3.1251,13.4470,2300441.259636167,2300441.318021417,2300441.334637709
6,540,2.9931,12.7717,2300441.276300251,2300441.334682500,2300441.351304376
6,541,2.9052,10.8751,2300441.292966917,2300441.351345500,2300441.367971042
6,542,2.8371,12.9395,2300441.309634959,2300441.368033917,2300441.384637709
6,543,2.9052,11.0471,2300441.326298334,2300441.384689542,2300441.401304375
6,544,3.1001,12.2295,2300441.342966209,2300441.401352292,2300441.417971042
6,545,3.0981,13.3031,2300441.359630459,2300441.418018500,2300441.434637709
6,546,2.9695,13.2142,2300441.376298876,2300441.434689084,2300441.451304376
6,547,2.7363,11.0021,2300441.392966709,2300441.451346626,2300441.467971042
6,548,2.8032,12.9310,2300441.409632626,2300441.468027750,2300441.484637709
6,549,2.7338,11.0721,2300441.426298417,2300441.484684626,2300441.501304375
6,550,2.9388,13.6614,2300441.442966042,2300441.501344917,2300441.517971042
6,551,2.9426,14.6767,2300441.459632126,2300441.518025334,2300441.534637709
6,552,2.9159,15.1560,2300441.476298542,2300441.534687959,2300441.551304375
6,553,2.8381,12.2538,2300441.492965834,2300441.551359750,2300441.567971042
6,554,2.9225,14.0465,2300441.509629542,2300441.568016292,2300441.584637709
6,555,2.9661,11.3087,2300441.526296126,2300441.584690751,2300441.601304376
6,556,3.0192,14.2005,2300441.542962709,2300441.601343459,2300441.617971042
6,557,3.0431,14.3489,2300441.559630834,2300441.618021167,2300441.634637709
6,558,2.9799,15.3185,2300441.576298459,2300441.634682084,2300441.651304375
6,559,3.1036,11.4080,2300441.592964001,2300441.651369250,2300441.667971042
6,560,3.0798,13.8066,2300441.609631417,2300441.668028459,2300441.684637709
6,561,3.0537,11.3649,2300441.626295626,2300441.684687459,2300441.701304376
6,562,2.9940,14.0510,2300441.642962209,2300441.701349625,2300441.717971042
6,563,3.0683,13.4128,2300441.659631084,2300441.718032334,2300441.734637709
6,564,3.0411,13.6900,2300441.676297292,2300441.734690750,2300441.751304375
6,565,2.8864,11.5923,2300441.692962792,2300441.751356375,2300441.767971042
6,566,2.8780,13.9156,2300441.709631084,2300441.768014126,2300441.784637709
6,567,2.9651,11.6781,2300441.726297875,2300441.784690709,2300441.801304375
6,568,2.8854,13.7530,2300441.742963709,2300441.801349501,2300441.817971042
6,569,2.9808,13.9858,2300441.759630376,2300441.818034834,2300441.834637709
6,570,2.9533,14.3834,2300441.776296126,2300441.834695251,2300441.851304376
6,571,2.8188,12.3620,2300441.792963125,2300441.851362376,2300441.867971042
6,572,2.7067,13.2135,2300441.809632042,2300441.868009125,2300441.884637709
6,573,2.8143,11.5141,2300441.826296042,2300441.884714417,2300441.901304375
6,574,2.8236,13.2297,2300441.842963709,2300441.901352834,2300441.917971042
6,575,2.7425,12.9349,2300441.859630542,2300441.918022959,2300441.934637709
6,576,2.6553,13.2045,2300441.876296459,2300441.934682084,2300441.951304376
6,577,2.7570,12.6285,2300441.892963501,2300441.951362875,2300441.967971042
6,578,2.6740,11.5292,2300441.909627334,2300441.968009876,2300441.984637709
6,579,2.7222,11.5896,2300441.926293876,2300441.984686876,2300442.001304375
6,580,2.6807,11.3481,2300441.942960501,2300442.001370459,2300442.017971042
6,581,2.5745,12.8964,2300441.959629917,2300442.018036917,2300442.034637709
6,582,2.4841,10.6087,2300441.976293625,2300442.034682042,2300442.051304375
6,583,2.6935,11.0057,2300441.992962084,2300442.051356250,2300442.067971042
6,584,2.4689,10.8830,2300442.009629751,2300442.068021084,2300442.084637709
6,585,2.6272,12.7497,2300442.026295959,2300442.084696334,2300442.101304376
6,586,2.6083,13.1248,2300442.042962084,2300442.101366876,2300442.117971042
6,587,2.5926,12.6342,2300442.059626459,2300442.118013375,2300442.134637709
6,588,2.5867,10.4160,2300442.076294709,2300442.134681792,2300442.151304375
6,589,2.6222,12.1670,2300442.092959626,2300442.151351125,2300442.167971042
6,590,2.6143,10.5972,2300442.109628417,2300442.168014500,2300442.184637709
6,591,2.6636,12.8087,2300442.126295584,2300442.184676625,2300442.201304376
6,592,3.3631,12.9297,2300442.142962292,2300442.201343542,2300442.217971042
6,593,3.0367,12.9965,2300442.159625917,2300442.218023376,2300442.234637709
6,594,2.9914,10.5865,2300442.176292459,2300442.234696667,2300442.251304375
6,595,2.8305,12.4134,2300442.192962251,2300442.251359667,2300442.267971042
6,596,2.8180,10.8252,2300442.209629417,2300442.268030584,2300442.284637709
6,597,2.7852,13.5841,2300442.226295042,2300442.284684167,2300442.301304375
6,598,2.7938,12.9845,2300442.242960709,2300442.301359834,2300442.317971042
6,599,2.7999,14.2429,2300442.259628084,2300442.318027250,2300442.334637709
6,600,2.7369,11.0734,2300442.276294084,2300442.334690292,2300442.351304376
6,601,2.8674,13.3219,2300442.292961625,2300442.351352084,2300442.367971042
6,602,2.4900,11.0793,2300442.309627667,2300442.368033084,2300442.384637709
6,603,2.5657,13.9614,2300442.326292792,2300442.384670959,2300442.401304375
6,604,2.5200,14.8914,2300442.342960001,2300442.401372042,2300442.417971042
6,605,2.5527,14.2027,2300442.359627334,2300442.418017000,2300442.434637709
6,606,2.5727,11.3273,2300442.376293042,2300442.434683251,2300442.451304376
6,607,2.5160,13.8511,2300442.392957917,2300442.451351417,2300442.467971042
6,608,2.4982,9.7980,2300442.409627126,2300442.468018917,2300442.484637709
6,609,2.5000,11.2163,2300442.426292959,2300442.484678334,2300442.501304375
6,610,2.4311,11.2952,2300442.442957626,2300442.501352709,2300442.517971042
6,611,2.5153,11.1897,2300442.459626917,2300442.518018250,2300442.534637709
6,612,2.6995,9.0553,2300442.476291625,2300442.534683500,2300442.551304375
6,613,2.8403,11.3557,2300442.492960000,2300442.551373626,2300442.567971042
6,614,2.9307,9.2247,2300442.509623917,2300442.568051125,2300442.584637709
6,615,2.9150,11.5103,2300442.526292334,2300442.584682126,2300442.601304376
6,616,2.8698,11.6412,2300442.542957000,2300442.601360001,2300442.617971042
6,617,2.9557,11.4406,2300442.559623584,2300442.618023084,2300442.634637709
6,618,2.9780,14.1092,2300442.576291625,2300442.634692250,2300442.651304375
6,619,3.0999,13.4803,2300442.592958334,2300442.651353792,2300442.667971042
6,620,2.9468,11.6155,2300442.609625417,2300442.668024334,2300442.684637709
6,621,2.8664,13.6394,2300442.626289917,2300442.684685459,2300442.701304376
6,622,2.9491,14.0112,2300442.642959292,2300442.701368625,2300442.717971042
6,623,2.9295,13.3402,2300442.659625875,2300442.718027626,2300442.734637709
6,624,2.9385,11.3036,2300442.676291042,2300442.734693834,2300442.751304375
6,625,2.8594,12.8735,2300442.692959209,2300442.751350459,2300442.767971042
6,626,2.9734,11.4310,2300442.709624917,2300442.768033417,2300442.784637709
6,627,3.0641,13.2157,2300442.726290834,2300442.784683084,2300442.801304375
6,628,3.0626,13.0695,2300442.742958584,2300442.801375126,2300442.817971042
6,629,2.9118,13.0276,2300442.759624375,2300442.818037084,2300442.834637709
6,630,2.8792,10.9783,2300442.776290751,2300442.834689001,2300442.851304376
6,631,2.7066,12.9370,2300442.792958626,2300442.851355126,2300442.867971042
6,632,2.9285,11.2722,2300442.809623834,2300442.868040125,2300442.884637709
6,633,2.8287,11.9646,2300442.826290750,2300442.884691209,2300442.901304375
6,634,2.8632,12.5686,2300442.842957917,2300442.901361417,2300442.917971042
6,635,2.8373,12.7184,2300442.859623459,2300442.918030126,2300442.934637709
6,636,2.8300,11.8628,2300442.876290542,2300442.934696667,2300442.951304376
6,637,2.6682,11.3265,2300442.892956792,2300442.951355875,2300442.967971042
6,638,2.7801,11.0014,2300442.909624209,2300442.968034501,2300442.984637709
6,639,2.7908,11.5179,2300442.926290376,2300442.984690667,2300443.001304375
